business_name,address,category01,rating,block,offense,offense_group,method,ucrrank,year,report_date
Barrel,613 Pennsylvania Ave SE,American (New),4.5,600 - 669 block of pennsylvania avenue se,assault w/dangerous weapon,violent,gun,3,2018,2018-01-21T06:17:06.000Z
Barrel,613 Pennsylvania Ave SE,American (New),4.5,600 - 669 block of pennsylvania avenue se,assault w/dangerous weapon,violent,others,3,2016,2016-08-11T15:29:31.000Z
Barrel,613 Pennsylvania Ave SE,American (New),4.5,600 - 669 block of pennsylvania avenue se,assault w/dangerous weapon,violent,knife,3,2016,2016-06-21T05:20:36.000Z
Barrel,613 Pennsylvania Ave SE,American (New),4.5,600 - 669 block of pennsylvania avenue se,burglary,property,others,5,2017,2017-06-06T17:01:14.000Z
Barrel,613 Pennsylvania Ave SE,American (New),4.5,600 - 669 block of pennsylvania avenue se,burglary,property,others,5,2016,2016-08-10T08:30:50.000Z
Barrel,613 Pennsylvania Ave SE,American (New),4.5,600 - 669 block of pennsylvania avenue se,burglary,property,others,5,2016,2016-07-05T17:39:03.000Z
Barrel,613 Pennsylvania Ave SE,American (New),4.5,600 - 669 block of pennsylvania avenue se,burglary,property,others,5,2016,2016-06-10T01:12:42.000Z
Barrel,613 Pennsylvania Ave SE,American (New),4.5,600 - 669 block of pennsylvania avenue se,motor vehicle theft,property,others,8,2018,2018-01-10T06:48:18.000Z
Barrel,613 Pennsylvania Ave SE,American (New),4.5,600 - 669 block of pennsylvania avenue se,motor vehicle theft,property,others,8,2017,2017-06-10T01:15:58.000Z
Barrel,613 Pennsylvania Ave SE,American (New),4.5,600 - 669 block of pennsylvania avenue se,robbery,violent,others,4,2018,2018-02-07T04:22:05.000Z
Barrel,613 Pennsylvania Ave SE,American (New),4.5,600 - 669 block of pennsylvania avenue se,robbery,violent,others,4,2017,2017-08-26T17:54:36.000Z
Barrel,613 Pennsylvania Ave SE,American (New),4.5,600 - 669 block of pennsylvania avenue se,robbery,violent,others,4,2017,2017-08-25T21:32:38.000Z
Barrel,613 Pennsylvania Ave SE,American (New),4.5,600 - 669 block of pennsylvania avenue se,robbery,violent,others,4,2017,2017-04-26T00:18:04.000Z
Barrel,613 Pennsylvania Ave SE,American (New),4.5,600 - 669 block of pennsylvania avenue se,robbery,violent,others,4,2017,2017-04-14T02:58:03.000Z
Barrel,613 Pennsylvania Ave SE,American (New),4.5,600 - 669 block of pennsylvania avenue se,robbery,violent,others,4,2017,2017-02-08T07:46:55.000Z
Barrel,613 Pennsylvania Ave SE,American (New),4.5,600 - 669 block of pennsylvania avenue se,robbery,violent,others,4,2016,2016-11-15T20:14:38.000Z
Barrel,613 Pennsylvania Ave SE,American (New),4.5,600 - 669 block of pennsylvania avenue se,robbery,violent,others,4,2016,2016-07-23T17:24:47.000Z
Barrel,613 Pennsylvania Ave SE,American (New),4.5,600 - 669 block of pennsylvania avenue se,theft f/auto,property,others,7,2018,2018-02-08T02:21:33.000Z
Barrel,613 Pennsylvania Ave SE,American (New),4.5,600 - 669 block of pennsylvania avenue se,theft f/auto,property,others,7,2017,2017-12-11T03:58:44.000Z
Barrel,613 Pennsylvania Ave SE,American (New),4.5,600 - 669 block of pennsylvania avenue se,theft f/auto,property,others,7,2017,2017-12-03T19:22:04.000Z
Barrel,613 Pennsylvania Ave SE,American (New),4.5,600 - 669 block of pennsylvania avenue se,theft f/auto,property,others,7,2017,2017-09-04T04:11:11.000Z
Barrel,613 Pennsylvania Ave SE,American (New),4.5,600 - 669 block of pennsylvania avenue se,theft f/auto,property,others,7,2016,2016-08-01T13:25:42.000Z
Barrel,613 Pennsylvania Ave SE,American (New),4.5,600 - 669 block of pennsylvania avenue se,theft f/auto,property,others,7,2016,2016-05-28T22:55:49.000Z
Barrel,613 Pennsylvania Ave SE,American (New),4.5,600 - 669 block of pennsylvania avenue se,theft/other,property,others,6,2018,2018-03-24T19:31:26.000Z
Barrel,613 Pennsylvania Ave SE,American (New),4.5,600 - 669 block of pennsylvania avenue se,theft/other,property,others,6,2018,2018-03-24T05:17:50.000Z
Barrel,613 Pennsylvania Ave SE,American (New),4.5,600 - 669 block of pennsylvania avenue se,theft/other,property,others,6,2018,2018-03-19T12:08:20.000Z
Barrel,613 Pennsylvania Ave SE,American (New),4.5,600 - 669 block of pennsylvania avenue se,theft/other,property,others,6,2018,2018-03-19T07:08:08.000Z
Barrel,613 Pennsylvania Ave SE,American (New),4.5,600 - 669 block of pennsylvania avenue se,theft/other,property,others,6,2018,2018-03-18T22:08:25.000Z
Barrel,613 Pennsylvania Ave SE,American (New),4.5,600 - 669 block of pennsylvania avenue se,theft/other,property,others,6,2018,2018-03-09T19:56:48.000Z
Barrel,613 Pennsylvania Ave SE,American (New),4.5,600 - 669 block of pennsylvania avenue se,theft/other,property,others,6,2018,2018-02-08T06:11:14.000Z
Barrel,613 Pennsylvania Ave SE,American (New),4.5,600 - 669 block of pennsylvania avenue se,theft/other,property,others,6,2018,2018-02-06T18:46:32.000Z
Barrel,613 Pennsylvania Ave SE,American (New),4.5,600 - 669 block of pennsylvania avenue se,theft/other,property,others,6,2018,2018-01-30T13:44:36.000Z
Barrel,613 Pennsylvania Ave SE,American (New),4.5,600 - 669 block of pennsylvania avenue se,theft/other,property,others,6,2018,2018-01-28T18:57:14.000Z
Barrel,613 Pennsylvania Ave SE,American (New),4.5,600 - 669 block of pennsylvania avenue se,theft/other,property,others,6,2018,2018-01-27T15:41:47.000Z
Barrel,613 Pennsylvania Ave SE,American (New),4.5,600 - 669 block of pennsylvania avenue se,theft/other,property,others,6,2018,2018-01-27T15:27:14.000Z
Barrel,613 Pennsylvania Ave SE,American (New),4.5,600 - 669 block of pennsylvania avenue se,theft/other,property,others,6,2018,2018-01-24T22:30:19.000Z
Barrel,613 Pennsylvania Ave SE,American (New),4.5,600 - 669 block of pennsylvania avenue se,theft/other,property,others,6,2018,2018-01-18T13:48:48.000Z
Barrel,613 Pennsylvania Ave SE,American (New),4.5,600 - 669 block of pennsylvania avenue se,theft/other,property,others,6,2018,2018-01-18T03:14:15.000Z
Barrel,613 Pennsylvania Ave SE,American (New),4.5,600 - 669 block of pennsylvania avenue se,theft/other,property,others,6,2018,2018-01-02T02:39:57.000Z
Barrel,613 Pennsylvania Ave SE,American (New),4.5,600 - 669 block of pennsylvania avenue se,theft/other,property,others,6,2017,2017-12-23T00:22:09.000Z
Barrel,613 Pennsylvania Ave SE,American (New),4.5,600 - 669 block of pennsylvania avenue se,theft/other,property,others,6,2017,2017-12-18T19:32:08.000Z
Barrel,613 Pennsylvania Ave SE,American (New),4.5,600 - 669 block of pennsylvania avenue se,theft/other,property,others,6,2017,2017-12-13T08:50:06.000Z
Barrel,613 Pennsylvania Ave SE,American (New),4.5,600 - 669 block of pennsylvania avenue se,theft/other,property,others,6,2017,2017-12-09T08:10:28.000Z
Barrel,613 Pennsylvania Ave SE,American (New),4.5,600 - 669 block of pennsylvania avenue se,theft/other,property,others,6,2017,2017-12-09T05:21:41.000Z
Barrel,613 Pennsylvania Ave SE,American (New),4.5,600 - 669 block of pennsylvania avenue se,theft/other,property,others,6,2017,2017-12-09T01:48:39.000Z
Barrel,613 Pennsylvania Ave SE,American (New),4.5,600 - 669 block of pennsylvania avenue se,theft/other,property,others,6,2017,2017-11-26T16:42:47.000Z
Barrel,613 Pennsylvania Ave SE,American (New),4.5,600 - 669 block of pennsylvania avenue se,theft/other,property,others,6,2017,2017-11-25T23:27:59.000Z
Barrel,613 Pennsylvania Ave SE,American (New),4.5,600 - 669 block of pennsylvania avenue se,theft/other,property,others,6,2017,2017-11-25T03:00:27.000Z
Barrel,613 Pennsylvania Ave SE,American (New),4.5,600 - 669 block of pennsylvania avenue se,theft/other,property,others,6,2017,2017-11-19T22:27:57.000Z
Barrel,613 Pennsylvania Ave SE,American (New),4.5,600 - 669 block of pennsylvania avenue se,theft/other,property,others,6,2017,2017-11-16T03:46:45.000Z
Barrel,613 Pennsylvania Ave SE,American (New),4.5,600 - 669 block of pennsylvania avenue se,theft/other,property,others,6,2017,2017-11-14T04:55:16.000Z
Barrel,613 Pennsylvania Ave SE,American (New),4.5,600 - 669 block of pennsylvania avenue se,theft/other,property,others,6,2017,2017-11-06T17:03:47.000Z
Barrel,613 Pennsylvania Ave SE,American (New),4.5,600 - 669 block of pennsylvania avenue se,theft/other,property,others,6,2017,2017-11-03T01:29:19.000Z
Barrel,613 Pennsylvania Ave SE,American (New),4.5,600 - 669 block of pennsylvania avenue se,theft/other,property,others,6,2017,2017-11-03T01:14:28.000Z
Barrel,613 Pennsylvania Ave SE,American (New),4.5,600 - 669 block of pennsylvania avenue se,theft/other,property,others,6,2017,2017-11-01T02:30:07.000Z
Barrel,613 Pennsylvania Ave SE,American (New),4.5,600 - 669 block of pennsylvania avenue se,theft/other,property,others,6,2017,2017-10-29T21:53:49.000Z
Barrel,613 Pennsylvania Ave SE,American (New),4.5,600 - 669 block of pennsylvania avenue se,theft/other,property,others,6,2017,2017-10-26T18:54:34.000Z
Barrel,613 Pennsylvania Ave SE,American (New),4.5,600 - 669 block of pennsylvania avenue se,theft/other,property,others,6,2017,2017-10-19T04:34:05.000Z
Barrel,613 Pennsylvania Ave SE,American (New),4.5,600 - 669 block of pennsylvania avenue se,theft/other,property,others,6,2017,2017-10-04T14:01:53.000Z
Barrel,613 Pennsylvania Ave SE,American (New),4.5,600 - 669 block of pennsylvania avenue se,theft/other,property,others,6,2017,2017-09-23T03:37:05.000Z
Barrel,613 Pennsylvania Ave SE,American (New),4.5,600 - 669 block of pennsylvania avenue se,theft/other,property,others,6,2017,2017-09-21T01:17:20.000Z
Barrel,613 Pennsylvania Ave SE,American (New),4.5,600 - 669 block of pennsylvania avenue se,theft/other,property,others,6,2017,2017-09-12T17:25:21.000Z
Barrel,613 Pennsylvania Ave SE,American (New),4.5,600 - 669 block of pennsylvania avenue se,theft/other,property,others,6,2017,2017-08-28T01:47:05.000Z
Barrel,613 Pennsylvania Ave SE,American (New),4.5,600 - 669 block of pennsylvania avenue se,theft/other,property,others,6,2017,2017-08-27T20:07:37.000Z
Barrel,613 Pennsylvania Ave SE,American (New),4.5,600 - 669 block of pennsylvania avenue se,theft/other,property,others,6,2017,2017-08-26T15:55:04.000Z
Barrel,613 Pennsylvania Ave SE,American (New),4.5,600 - 669 block of pennsylvania avenue se,theft/other,property,others,6,2017,2017-08-22T11:33:52.000Z
Barrel,613 Pennsylvania Ave SE,American (New),4.5,600 - 669 block of pennsylvania avenue se,theft/other,property,others,6,2017,2017-08-18T18:43:01.000Z
Barrel,613 Pennsylvania Ave SE,American (New),4.5,600 - 669 block of pennsylvania avenue se,theft/other,property,others,6,2017,2017-08-08T03:16:17.000Z
Barrel,613 Pennsylvania Ave SE,American (New),4.5,600 - 669 block of pennsylvania avenue se,theft/other,property,others,6,2017,2017-08-01T11:29:31.000Z
Barrel,613 Pennsylvania Ave SE,American (New),4.5,600 - 669 block of pennsylvania avenue se,theft/other,property,others,6,2017,2017-07-31T18:13:36.000Z
Barrel,613 Pennsylvania Ave SE,American (New),4.5,600 - 669 block of pennsylvania avenue se,theft/other,property,others,6,2017,2017-07-20T11:34:55.000Z
Barrel,613 Pennsylvania Ave SE,American (New),4.5,600 - 669 block of pennsylvania avenue se,theft/other,property,others,6,2017,2017-07-17T02:46:52.000Z
Barrel,613 Pennsylvania Ave SE,American (New),4.5,600 - 669 block of pennsylvania avenue se,theft/other,property,others,6,2017,2017-07-14T15:30:16.000Z
Barrel,613 Pennsylvania Ave SE,American (New),4.5,600 - 669 block of pennsylvania avenue se,theft/other,property,others,6,2017,2017-07-11T23:22:39.000Z
Barrel,613 Pennsylvania Ave SE,American (New),4.5,600 - 669 block of pennsylvania avenue se,theft/other,property,others,6,2017,2017-07-09T03:52:20.000Z
Barrel,613 Pennsylvania Ave SE,American (New),4.5,600 - 669 block of pennsylvania avenue se,theft/other,property,others,6,2017,2017-07-06T23:39:39.000Z
Barrel,613 Pennsylvania Ave SE,American (New),4.5,600 - 669 block of pennsylvania avenue se,theft/other,property,others,6,2017,2017-07-02T21:42:50.000Z
Barrel,613 Pennsylvania Ave SE,American (New),4.5,600 - 669 block of pennsylvania avenue se,theft/other,property,others,6,2017,2017-06-24T05:46:26.000Z
Barrel,613 Pennsylvania Ave SE,American (New),4.5,600 - 669 block of pennsylvania avenue se,theft/other,property,others,6,2017,2017-06-22T22:01:03.000Z
Barrel,613 Pennsylvania Ave SE,American (New),4.5,600 - 669 block of pennsylvania avenue se,theft/other,property,others,6,2017,2017-06-22T03:50:35.000Z
Barrel,613 Pennsylvania Ave SE,American (New),4.5,600 - 669 block of pennsylvania avenue se,theft/other,property,others,6,2017,2017-06-21T01:55:50.000Z
Barrel,613 Pennsylvania Ave SE,American (New),4.5,600 - 669 block of pennsylvania avenue se,theft/other,property,others,6,2017,2017-06-14T16:00:32.000Z
Barrel,613 Pennsylvania Ave SE,American (New),4.5,600 - 669 block of pennsylvania avenue se,theft/other,property,others,6,2017,2017-06-12T08:03:26.000Z
Barrel,613 Pennsylvania Ave SE,American (New),4.5,600 - 669 block of pennsylvania avenue se,theft/other,property,others,6,2017,2017-06-09T01:00:53.000Z
Barrel,613 Pennsylvania Ave SE,American (New),4.5,600 - 669 block of pennsylvania avenue se,theft/other,property,others,6,2017,2017-06-06T03:35:46.000Z
Barrel,613 Pennsylvania Ave SE,American (New),4.5,600 - 669 block of pennsylvania avenue se,theft/other,property,others,6,2017,2017-06-03T02:12:47.000Z
Barrel,613 Pennsylvania Ave SE,American (New),4.5,600 - 669 block of pennsylvania avenue se,theft/other,property,others,6,2017,2017-06-03T00:31:20.000Z
Barrel,613 Pennsylvania Ave SE,American (New),4.5,600 - 669 block of pennsylvania avenue se,theft/other,property,others,6,2017,2017-05-31T20:12:18.000Z
Barrel,613 Pennsylvania Ave SE,American (New),4.5,600 - 669 block of pennsylvania avenue se,theft/other,property,others,6,2017,2017-05-25T01:11:56.000Z
Barrel,613 Pennsylvania Ave SE,American (New),4.5,600 - 669 block of pennsylvania avenue se,theft/other,property,others,6,2017,2017-05-23T01:58:59.000Z
Barrel,613 Pennsylvania Ave SE,American (New),4.5,600 - 669 block of pennsylvania avenue se,theft/other,property,others,6,2017,2017-05-17T21:48:20.000Z
Barrel,613 Pennsylvania Ave SE,American (New),4.5,600 - 669 block of pennsylvania avenue se,theft/other,property,others,6,2017,2017-05-09T04:08:09.000Z
Barrel,613 Pennsylvania Ave SE,American (New),4.5,600 - 669 block of pennsylvania avenue se,theft/other,property,others,6,2017,2017-05-07T21:22:09.000Z
Barrel,613 Pennsylvania Ave SE,American (New),4.5,600 - 669 block of pennsylvania avenue se,theft/other,property,others,6,2017,2017-05-06T19:57:41.000Z
Barrel,613 Pennsylvania Ave SE,American (New),4.5,600 - 669 block of pennsylvania avenue se,theft/other,property,others,6,2017,2017-04-28T20:31:30.000Z
Barrel,613 Pennsylvania Ave SE,American (New),4.5,600 - 669 block of pennsylvania avenue se,theft/other,property,others,6,2017,2017-04-17T02:37:36.000Z
Barrel,613 Pennsylvania Ave SE,American (New),4.5,600 - 669 block of pennsylvania avenue se,theft/other,property,others,6,2017,2017-04-16T21:02:48.000Z
Barrel,613 Pennsylvania Ave SE,American (New),4.5,600 - 669 block of pennsylvania avenue se,theft/other,property,others,6,2017,2017-04-16T19:06:32.000Z
Barrel,613 Pennsylvania Ave SE,American (New),4.5,600 - 669 block of pennsylvania avenue se,theft/other,property,others,6,2017,2017-04-09T15:40:56.000Z
Barrel,613 Pennsylvania Ave SE,American (New),4.5,600 - 669 block of pennsylvania avenue se,theft/other,property,others,6,2017,2017-04-05T17:38:33.000Z
Barrel,613 Pennsylvania Ave SE,American (New),4.5,600 - 669 block of pennsylvania avenue se,theft/other,property,others,6,2017,2017-04-01T03:24:42.000Z
Barrel,613 Pennsylvania Ave SE,American (New),4.5,600 - 669 block of pennsylvania avenue se,theft/other,property,others,6,2017,2017-03-07T03:09:03.000Z
Barrel,613 Pennsylvania Ave SE,American (New),4.5,600 - 669 block of pennsylvania avenue se,theft/other,property,others,6,2017,2017-03-05T18:37:51.000Z
Barrel,613 Pennsylvania Ave SE,American (New),4.5,600 - 669 block of pennsylvania avenue se,theft/other,property,others,6,2017,2017-03-05T02:13:08.000Z
Barrel,613 Pennsylvania Ave SE,American (New),4.5,600 - 669 block of pennsylvania avenue se,theft/other,property,others,6,2017,2017-02-26T21:59:23.000Z
Barrel,613 Pennsylvania Ave SE,American (New),4.5,600 - 669 block of pennsylvania avenue se,theft/other,property,others,6,2017,2017-02-21T03:41:14.000Z
Barrel,613 Pennsylvania Ave SE,American (New),4.5,600 - 669 block of pennsylvania avenue se,theft/other,property,others,6,2017,2017-02-20T00:11:07.000Z
Barrel,613 Pennsylvania Ave SE,American (New),4.5,600 - 669 block of pennsylvania avenue se,theft/other,property,others,6,2017,2017-02-19T00:13:13.000Z
Barrel,613 Pennsylvania Ave SE,American (New),4.5,600 - 669 block of pennsylvania avenue se,theft/other,property,others,6,2017,2017-02-14T15:35:35.000Z
Barrel,613 Pennsylvania Ave SE,American (New),4.5,600 - 669 block of pennsylvania avenue se,theft/other,property,others,6,2017,2017-02-14T03:35:23.000Z
Barrel,613 Pennsylvania Ave SE,American (New),4.5,600 - 669 block of pennsylvania avenue se,theft/other,property,others,6,2017,2017-02-08T00:31:32.000Z
Barrel,613 Pennsylvania Ave SE,American (New),4.5,600 - 669 block of pennsylvania avenue se,theft/other,property,others,6,2017,2017-02-07T01:42:03.000Z
Barrel,613 Pennsylvania Ave SE,American (New),4.5,600 - 669 block of pennsylvania avenue se,theft/other,property,others,6,2017,2017-01-27T21:54:11.000Z
Barrel,613 Pennsylvania Ave SE,American (New),4.5,600 - 669 block of pennsylvania avenue se,theft/other,property,others,6,2017,2017-01-20T21:26:47.000Z
Barrel,613 Pennsylvania Ave SE,American (New),4.5,600 - 669 block of pennsylvania avenue se,theft/other,property,others,6,2017,2017-01-16T02:32:00.000Z
Barrel,613 Pennsylvania Ave SE,American (New),4.5,600 - 669 block of pennsylvania avenue se,theft/other,property,others,6,2017,2017-01-07T17:43:36.000Z
Barrel,613 Pennsylvania Ave SE,American (New),4.5,600 - 669 block of pennsylvania avenue se,theft/other,property,others,6,2017,2017-01-02T03:32:48.000Z
Barrel,613 Pennsylvania Ave SE,American (New),4.5,600 - 669 block of pennsylvania avenue se,theft/other,property,others,6,2016,2016-12-21T16:48:23.000Z
Barrel,613 Pennsylvania Ave SE,American (New),4.5,600 - 669 block of pennsylvania avenue se,theft/other,property,others,6,2016,2016-12-21T02:15:55.000Z
Barrel,613 Pennsylvania Ave SE,American (New),4.5,600 - 669 block of pennsylvania avenue se,theft/other,property,others,6,2016,2016-12-20T01:07:08.000Z
Barrel,613 Pennsylvania Ave SE,American (New),4.5,600 - 669 block of pennsylvania avenue se,theft/other,property,others,6,2016,2016-12-13T17:36:43.000Z
Barrel,613 Pennsylvania Ave SE,American (New),4.5,600 - 669 block of pennsylvania avenue se,theft/other,property,others,6,2016,2016-12-05T23:41:46.000Z
Barrel,613 Pennsylvania Ave SE,American (New),4.5,600 - 669 block of pennsylvania avenue se,theft/other,property,others,6,2016,2016-12-02T19:05:25.000Z
Barrel,613 Pennsylvania Ave SE,American (New),4.5,600 - 669 block of pennsylvania avenue se,theft/other,property,others,6,2016,2016-11-28T20:46:53.000Z
Barrel,613 Pennsylvania Ave SE,American (New),4.5,600 - 669 block of pennsylvania avenue se,theft/other,property,others,6,2016,2016-11-28T02:14:30.000Z
Barrel,613 Pennsylvania Ave SE,American (New),4.5,600 - 669 block of pennsylvania avenue se,theft/other,property,others,6,2016,2016-11-21T17:38:05.000Z
Barrel,613 Pennsylvania Ave SE,American (New),4.5,600 - 669 block of pennsylvania avenue se,theft/other,property,others,6,2016,2016-11-14T20:49:08.000Z
Barrel,613 Pennsylvania Ave SE,American (New),4.5,600 - 669 block of pennsylvania avenue se,theft/other,property,others,6,2016,2016-11-05T21:24:08.000Z
Barrel,613 Pennsylvania Ave SE,American (New),4.5,600 - 669 block of pennsylvania avenue se,theft/other,property,others,6,2016,2016-11-01T03:51:47.000Z
Barrel,613 Pennsylvania Ave SE,American (New),4.5,600 - 669 block of pennsylvania avenue se,theft/other,property,others,6,2016,2016-10-29T23:10:21.000Z
Barrel,613 Pennsylvania Ave SE,American (New),4.5,600 - 669 block of pennsylvania avenue se,theft/other,property,others,6,2016,2016-10-21T01:25:34.000Z
Barrel,613 Pennsylvania Ave SE,American (New),4.5,600 - 669 block of pennsylvania avenue se,theft/other,property,others,6,2016,2016-10-14T15:31:44.000Z
Barrel,613 Pennsylvania Ave SE,American (New),4.5,600 - 669 block of pennsylvania avenue se,theft/other,property,others,6,2016,2016-09-29T23:14:44.000Z
Barrel,613 Pennsylvania Ave SE,American (New),4.5,600 - 669 block of pennsylvania avenue se,theft/other,property,others,6,2016,2016-09-28T22:02:39.000Z
Barrel,613 Pennsylvania Ave SE,American (New),4.5,600 - 669 block of pennsylvania avenue se,theft/other,property,others,6,2016,2016-09-28T13:05:36.000Z
Barrel,613 Pennsylvania Ave SE,American (New),4.5,600 - 669 block of pennsylvania avenue se,theft/other,property,others,6,2016,2016-09-24T02:06:13.000Z
Barrel,613 Pennsylvania Ave SE,American (New),4.5,600 - 669 block of pennsylvania avenue se,theft/other,property,others,6,2016,2016-09-23T22:42:22.000Z
Barrel,613 Pennsylvania Ave SE,American (New),4.5,600 - 669 block of pennsylvania avenue se,theft/other,property,others,6,2016,2016-09-12T23:16:01.000Z
Barrel,613 Pennsylvania Ave SE,American (New),4.5,600 - 669 block of pennsylvania avenue se,theft/other,property,others,6,2016,2016-09-11T01:44:01.000Z
Barrel,613 Pennsylvania Ave SE,American (New),4.5,600 - 669 block of pennsylvania avenue se,theft/other,property,others,6,2016,2016-09-09T22:45:49.000Z
Barrel,613 Pennsylvania Ave SE,American (New),4.5,600 - 669 block of pennsylvania avenue se,theft/other,property,others,6,2016,2016-09-09T12:10:01.000Z
Barrel,613 Pennsylvania Ave SE,American (New),4.5,600 - 669 block of pennsylvania avenue se,theft/other,property,others,6,2016,2016-09-08T23:47:31.000Z
Barrel,613 Pennsylvania Ave SE,American (New),4.5,600 - 669 block of pennsylvania avenue se,theft/other,property,others,6,2016,2016-09-07T20:54:30.000Z
Barrel,613 Pennsylvania Ave SE,American (New),4.5,600 - 669 block of pennsylvania avenue se,theft/other,property,others,6,2016,2016-09-03T20:53:59.000Z
Barrel,613 Pennsylvania Ave SE,American (New),4.5,600 - 669 block of pennsylvania avenue se,theft/other,property,others,6,2016,2016-08-30T00:34:52.000Z
Barrel,613 Pennsylvania Ave SE,American (New),4.5,600 - 669 block of pennsylvania avenue se,theft/other,property,others,6,2016,2016-08-24T23:27:30.000Z
Barrel,613 Pennsylvania Ave SE,American (New),4.5,600 - 669 block of pennsylvania avenue se,theft/other,property,others,6,2016,2016-08-17T18:45:55.000Z
Barrel,613 Pennsylvania Ave SE,American (New),4.5,600 - 669 block of pennsylvania avenue se,theft/other,property,others,6,2016,2016-08-16T19:15:31.000Z
Barrel,613 Pennsylvania Ave SE,American (New),4.5,600 - 669 block of pennsylvania avenue se,theft/other,property,others,6,2016,2016-08-16T00:17:30.000Z
Barrel,613 Pennsylvania Ave SE,American (New),4.5,600 - 669 block of pennsylvania avenue se,theft/other,property,others,6,2016,2016-08-12T00:40:35.000Z
Barrel,613 Pennsylvania Ave SE,American (New),4.5,600 - 669 block of pennsylvania avenue se,theft/other,property,others,6,2016,2016-08-01T18:41:19.000Z
Barrel,613 Pennsylvania Ave SE,American (New),4.5,600 - 669 block of pennsylvania avenue se,theft/other,property,others,6,2016,2016-08-01T15:32:19.000Z
Barrel,613 Pennsylvania Ave SE,American (New),4.5,600 - 669 block of pennsylvania avenue se,theft/other,property,others,6,2016,2016-07-27T20:16:13.000Z
Barrel,613 Pennsylvania Ave SE,American (New),4.5,600 - 669 block of pennsylvania avenue se,theft/other,property,others,6,2016,2016-07-21T20:55:40.000Z
Barrel,613 Pennsylvania Ave SE,American (New),4.5,600 - 669 block of pennsylvania avenue se,theft/other,property,others,6,2016,2016-07-21T04:29:08.000Z
Barrel,613 Pennsylvania Ave SE,American (New),4.5,600 - 669 block of pennsylvania avenue se,theft/other,property,others,6,2016,2016-07-20T15:17:37.000Z
Barrel,613 Pennsylvania Ave SE,American (New),4.5,600 - 669 block of pennsylvania avenue se,theft/other,property,others,6,2016,2016-07-18T23:14:16.000Z
Barrel,613 Pennsylvania Ave SE,American (New),4.5,600 - 669 block of pennsylvania avenue se,theft/other,property,others,6,2016,2016-07-17T03:01:40.000Z
Barrel,613 Pennsylvania Ave SE,American (New),4.5,600 - 669 block of pennsylvania avenue se,theft/other,property,others,6,2016,2016-07-09T02:18:01.000Z
Barrel,613 Pennsylvania Ave SE,American (New),4.5,600 - 669 block of pennsylvania avenue se,theft/other,property,others,6,2016,2016-07-04T20:45:16.000Z
Barrel,613 Pennsylvania Ave SE,American (New),4.5,600 - 669 block of pennsylvania avenue se,theft/other,property,others,6,2016,2016-07-01T21:17:16.000Z
Barrel,613 Pennsylvania Ave SE,American (New),4.5,600 - 669 block of pennsylvania avenue se,theft/other,property,others,6,2016,2016-06-30T22:47:26.000Z
Barrel,613 Pennsylvania Ave SE,American (New),4.5,600 - 669 block of pennsylvania avenue se,theft/other,property,others,6,2016,2016-06-20T23:18:45.000Z
Barrel,613 Pennsylvania Ave SE,American (New),4.5,600 - 669 block of pennsylvania avenue se,theft/other,property,others,6,2016,2016-06-20T20:13:11.000Z
Barrel,613 Pennsylvania Ave SE,American (New),4.5,600 - 669 block of pennsylvania avenue se,theft/other,property,others,6,2016,2016-06-18T21:07:30.000Z
Barrel,613 Pennsylvania Ave SE,American (New),4.5,600 - 669 block of pennsylvania avenue se,theft/other,property,others,6,2016,2016-06-16T00:31:28.000Z
Barrel,613 Pennsylvania Ave SE,American (New),4.5,600 - 669 block of pennsylvania avenue se,theft/other,property,others,6,2016,2016-06-03T23:20:11.000Z
Barrel,613 Pennsylvania Ave SE,American (New),4.5,600 - 669 block of pennsylvania avenue se,theft/other,property,others,6,2016,2016-06-03T18:50:23.000Z
Barrel,613 Pennsylvania Ave SE,American (New),4.5,600 - 669 block of pennsylvania avenue se,theft/other,property,others,6,2016,2016-05-25T20:40:56.000Z
Barrel,613 Pennsylvania Ave SE,American (New),4.5,600 - 669 block of pennsylvania avenue se,theft/other,property,others,6,2016,2016-05-12T16:25:07.000Z
Barrel,613 Pennsylvania Ave SE,American (New),4.5,600 - 669 block of pennsylvania avenue se,theft/other,property,others,6,2016,2016-05-12T13:49:04.000Z
Barrel,613 Pennsylvania Ave SE,American (New),4.5,600 - 669 block of pennsylvania avenue se,theft/other,property,others,6,2016,2016-05-11T13:01:56.000Z
Barrel,613 Pennsylvania Ave SE,American (New),4.5,600 - 669 block of pennsylvania avenue se,theft/other,property,others,6,2016,2016-05-02T01:25:47.000Z
Barrel,613 Pennsylvania Ave SE,American (New),4.5,600 - 669 block of pennsylvania avenue se,theft/other,property,others,6,2016,2016-04-27T01:17:04.000Z
Barrel,613 Pennsylvania Ave SE,American (New),4.5,600 - 669 block of pennsylvania avenue se,theft/other,property,others,6,2016,2016-04-24T19:29:03.000Z
Barrel,613 Pennsylvania Ave SE,American (New),4.5,600 - 669 block of pennsylvania avenue se,theft/other,property,others,6,2016,2016-04-20T20:47:18.000Z
Farmbird,625A H St NE,Chicken Shop,5,600 - 699 block of h street ne,burglary,property,others,5,2018,2018-04-10T09:22:22.000Z
Farmbird,625A H St NE,Chicken Shop,5,600 - 699 block of h street ne,motor vehicle theft,property,others,8,2017,2017-03-25T22:10:04.000Z
Farmbird,625A H St NE,Chicken Shop,5,600 - 699 block of h street ne,robbery,violent,others,4,2018,2018-02-12T00:33:10.000Z
Farmbird,625A H St NE,Chicken Shop,5,600 - 699 block of h street ne,theft f/auto,property,others,7,2017,2017-12-08T00:48:31.000Z
Farmbird,625A H St NE,Chicken Shop,5,600 - 699 block of h street ne,theft f/auto,property,others,7,2017,2017-11-15T18:10:39.000Z
Farmbird,625A H St NE,Chicken Shop,5,600 - 699 block of h street ne,theft f/auto,property,others,7,2017,2017-11-14T22:25:22.000Z
Farmbird,625A H St NE,Chicken Shop,5,600 - 699 block of h street ne,theft f/auto,property,others,7,2017,2017-07-31T17:22:36.000Z
Farmbird,625A H St NE,Chicken Shop,5,600 - 699 block of h street ne,theft f/auto,property,others,7,2017,2017-07-27T23:24:18.000Z
Farmbird,625A H St NE,Chicken Shop,5,600 - 699 block of h street ne,theft f/auto,property,others,7,2017,2017-07-27T17:50:37.000Z
Farmbird,625A H St NE,Chicken Shop,5,600 - 699 block of h street ne,theft f/auto,property,others,7,2017,2017-07-27T14:58:28.000Z
Farmbird,625A H St NE,Chicken Shop,5,600 - 699 block of h street ne,theft f/auto,property,others,7,2017,2017-07-26T03:36:22.000Z
Farmbird,625A H St NE,Chicken Shop,5,600 - 699 block of h street ne,theft f/auto,property,others,7,2017,2017-03-13T20:35:47.000Z
Farmbird,625A H St NE,Chicken Shop,5,600 - 699 block of h street ne,theft f/auto,property,others,7,2017,2017-01-31T02:27:20.000Z
Farmbird,625A H St NE,Chicken Shop,5,600 - 699 block of h street ne,theft f/auto,property,others,7,2017,2017-01-02T07:56:05.000Z
Farmbird,625A H St NE,Chicken Shop,5,600 - 699 block of h street ne,theft f/auto,property,others,7,2016,2016-10-27T20:56:56.000Z
Farmbird,625A H St NE,Chicken Shop,5,600 - 699 block of h street ne,theft f/auto,property,others,7,2016,2016-10-05T02:07:26.000Z
Farmbird,625A H St NE,Chicken Shop,5,600 - 699 block of h street ne,theft/other,property,others,6,2018,2018-04-12T22:24:36.000Z
Farmbird,625A H St NE,Chicken Shop,5,600 - 699 block of h street ne,theft/other,property,others,6,2018,2018-04-10T23:08:18.000Z
Farmbird,625A H St NE,Chicken Shop,5,600 - 699 block of h street ne,theft/other,property,others,6,2018,2018-04-07T05:26:52.000Z
Farmbird,625A H St NE,Chicken Shop,5,600 - 699 block of h street ne,theft/other,property,others,6,2018,2018-03-31T23:38:31.000Z
Farmbird,625A H St NE,Chicken Shop,5,600 - 699 block of h street ne,theft/other,property,others,6,2018,2018-03-31T23:13:17.000Z
Farmbird,625A H St NE,Chicken Shop,5,600 - 699 block of h street ne,theft/other,property,others,6,2018,2018-03-30T21:42:25.000Z
Farmbird,625A H St NE,Chicken Shop,5,600 - 699 block of h street ne,theft/other,property,others,6,2018,2018-03-25T23:12:35.000Z
Farmbird,625A H St NE,Chicken Shop,5,600 - 699 block of h street ne,theft/other,property,others,6,2018,2018-03-24T23:55:09.000Z
Farmbird,625A H St NE,Chicken Shop,5,600 - 699 block of h street ne,theft/other,property,others,6,2018,2018-03-18T00:29:12.000Z
Farmbird,625A H St NE,Chicken Shop,5,600 - 699 block of h street ne,theft/other,property,others,6,2018,2018-02-26T15:16:28.000Z
Farmbird,625A H St NE,Chicken Shop,5,600 - 699 block of h street ne,theft/other,property,others,6,2018,2018-02-23T03:47:13.000Z
Farmbird,625A H St NE,Chicken Shop,5,600 - 699 block of h street ne,theft/other,property,others,6,2018,2018-02-22T23:48:35.000Z
Farmbird,625A H St NE,Chicken Shop,5,600 - 699 block of h street ne,theft/other,property,others,6,2018,2018-02-14T19:17:42.000Z
Farmbird,625A H St NE,Chicken Shop,5,600 - 699 block of h street ne,theft/other,property,others,6,2018,2018-01-31T14:57:17.000Z
Farmbird,625A H St NE,Chicken Shop,5,600 - 699 block of h street ne,theft/other,property,others,6,2018,2018-01-23T15:51:44.000Z
Farmbird,625A H St NE,Chicken Shop,5,600 - 699 block of h street ne,theft/other,property,others,6,2018,2018-01-17T02:49:48.000Z
Farmbird,625A H St NE,Chicken Shop,5,600 - 699 block of h street ne,theft/other,property,others,6,2018,2018-01-13T14:59:55.000Z
Farmbird,625A H St NE,Chicken Shop,5,600 - 699 block of h street ne,theft/other,property,others,6,2018,2018-01-08T22:52:30.000Z
Farmbird,625A H St NE,Chicken Shop,5,600 - 699 block of h street ne,theft/other,property,others,6,2018,2018-01-03T23:51:07.000Z
Farmbird,625A H St NE,Chicken Shop,5,600 - 699 block of h street ne,theft/other,property,others,6,2017,2017-12-28T21:32:42.000Z
Farmbird,625A H St NE,Chicken Shop,5,600 - 699 block of h street ne,theft/other,property,others,6,2017,2017-12-27T23:29:49.000Z
Farmbird,625A H St NE,Chicken Shop,5,600 - 699 block of h street ne,theft/other,property,others,6,2017,2017-12-24T17:00:01.000Z
Farmbird,625A H St NE,Chicken Shop,5,600 - 699 block of h street ne,theft/other,property,others,6,2017,2017-12-24T04:08:20.000Z
Farmbird,625A H St NE,Chicken Shop,5,600 - 699 block of h street ne,theft/other,property,others,6,2017,2017-12-21T16:16:24.000Z
Farmbird,625A H St NE,Chicken Shop,5,600 - 699 block of h street ne,theft/other,property,others,6,2017,2017-12-18T20:06:46.000Z
Farmbird,625A H St NE,Chicken Shop,5,600 - 699 block of h street ne,theft/other,property,others,6,2017,2017-12-16T01:21:55.000Z
Farmbird,625A H St NE,Chicken Shop,5,600 - 699 block of h street ne,theft/other,property,others,6,2017,2017-11-29T16:13:19.000Z
Farmbird,625A H St NE,Chicken Shop,5,600 - 699 block of h street ne,theft/other,property,others,6,2017,2017-11-26T17:13:52.000Z
Farmbird,625A H St NE,Chicken Shop,5,600 - 699 block of h street ne,theft/other,property,others,6,2017,2017-11-11T19:53:55.000Z
Farmbird,625A H St NE,Chicken Shop,5,600 - 699 block of h street ne,theft/other,property,others,6,2017,2017-11-09T02:32:19.000Z
Farmbird,625A H St NE,Chicken Shop,5,600 - 699 block of h street ne,theft/other,property,others,6,2017,2017-11-08T18:09:35.000Z
Farmbird,625A H St NE,Chicken Shop,5,600 - 699 block of h street ne,theft/other,property,others,6,2017,2017-11-02T01:11:39.000Z
Farmbird,625A H St NE,Chicken Shop,5,600 - 699 block of h street ne,theft/other,property,others,6,2017,2017-10-31T18:16:51.000Z
Farmbird,625A H St NE,Chicken Shop,5,600 - 699 block of h street ne,theft/other,property,others,6,2017,2017-10-29T22:13:02.000Z
Farmbird,625A H St NE,Chicken Shop,5,600 - 699 block of h street ne,theft/other,property,others,6,2017,2017-10-26T21:15:52.000Z
Farmbird,625A H St NE,Chicken Shop,5,600 - 699 block of h street ne,theft/other,property,others,6,2017,2017-10-23T01:16:34.000Z
Farmbird,625A H St NE,Chicken Shop,5,600 - 699 block of h street ne,theft/other,property,others,6,2017,2017-10-22T21:10:23.000Z
Farmbird,625A H St NE,Chicken Shop,5,600 - 699 block of h street ne,theft/other,property,others,6,2017,2017-10-17T17:14:38.000Z
Farmbird,625A H St NE,Chicken Shop,5,600 - 699 block of h street ne,theft/other,property,others,6,2017,2017-10-15T01:02:58.000Z
Farmbird,625A H St NE,Chicken Shop,5,600 - 699 block of h street ne,theft/other,property,others,6,2017,2017-10-13T20:07:49.000Z
Farmbird,625A H St NE,Chicken Shop,5,600 - 699 block of h street ne,theft/other,property,others,6,2017,2017-10-08T22:39:36.000Z
Farmbird,625A H St NE,Chicken Shop,5,600 - 699 block of h street ne,theft/other,property,others,6,2017,2017-10-08T15:30:58.000Z
Farmbird,625A H St NE,Chicken Shop,5,600 - 699 block of h street ne,theft/other,property,others,6,2017,2017-10-05T18:03:49.000Z
Farmbird,625A H St NE,Chicken Shop,5,600 - 699 block of h street ne,theft/other,property,others,6,2017,2017-10-04T14:36:13.000Z
Farmbird,625A H St NE,Chicken Shop,5,600 - 699 block of h street ne,theft/other,property,others,6,2017,2017-10-03T12:51:41.000Z
Farmbird,625A H St NE,Chicken Shop,5,600 - 699 block of h street ne,theft/other,property,others,6,2017,2017-09-28T21:42:27.000Z
Farmbird,625A H St NE,Chicken Shop,5,600 - 699 block of h street ne,theft/other,property,others,6,2017,2017-09-27T18:20:14.000Z
Farmbird,625A H St NE,Chicken Shop,5,600 - 699 block of h street ne,theft/other,property,others,6,2017,2017-09-25T03:23:10.000Z
Farmbird,625A H St NE,Chicken Shop,5,600 - 699 block of h street ne,theft/other,property,others,6,2017,2017-09-25T02:32:37.000Z
Farmbird,625A H St NE,Chicken Shop,5,600 - 699 block of h street ne,theft/other,property,others,6,2017,2017-09-10T16:59:44.000Z
Farmbird,625A H St NE,Chicken Shop,5,600 - 699 block of h street ne,theft/other,property,others,6,2017,2017-08-30T21:42:08.000Z
Farmbird,625A H St NE,Chicken Shop,5,600 - 699 block of h street ne,theft/other,property,others,6,2017,2017-08-29T17:32:48.000Z
Farmbird,625A H St NE,Chicken Shop,5,600 - 699 block of h street ne,theft/other,property,others,6,2017,2017-08-13T15:14:39.000Z
Farmbird,625A H St NE,Chicken Shop,5,600 - 699 block of h street ne,theft/other,property,others,6,2017,2017-07-27T14:08:25.000Z
Farmbird,625A H St NE,Chicken Shop,5,600 - 699 block of h street ne,theft/other,property,others,6,2017,2017-07-26T14:41:33.000Z
Farmbird,625A H St NE,Chicken Shop,5,600 - 699 block of h street ne,theft/other,property,others,6,2017,2017-07-21T23:31:31.000Z
Farmbird,625A H St NE,Chicken Shop,5,600 - 699 block of h street ne,theft/other,property,others,6,2017,2017-07-18T18:29:44.000Z
Farmbird,625A H St NE,Chicken Shop,5,600 - 699 block of h street ne,theft/other,property,others,6,2017,2017-07-15T14:26:48.000Z
Farmbird,625A H St NE,Chicken Shop,5,600 - 699 block of h street ne,theft/other,property,others,6,2017,2017-07-14T23:08:50.000Z
Farmbird,625A H St NE,Chicken Shop,5,600 - 699 block of h street ne,theft/other,property,others,6,2017,2017-07-12T15:12:33.000Z
Farmbird,625A H St NE,Chicken Shop,5,600 - 699 block of h street ne,theft/other,property,others,6,2017,2017-07-07T20:18:39.000Z
Farmbird,625A H St NE,Chicken Shop,5,600 - 699 block of h street ne,theft/other,property,others,6,2017,2017-07-02T17:10:46.000Z
Farmbird,625A H St NE,Chicken Shop,5,600 - 699 block of h street ne,theft/other,property,others,6,2017,2017-06-27T21:38:55.000Z
Farmbird,625A H St NE,Chicken Shop,5,600 - 699 block of h street ne,theft/other,property,others,6,2017,2017-06-19T02:28:38.000Z
Farmbird,625A H St NE,Chicken Shop,5,600 - 699 block of h street ne,theft/other,property,others,6,2017,2017-06-15T18:30:24.000Z
Farmbird,625A H St NE,Chicken Shop,5,600 - 699 block of h street ne,theft/other,property,others,6,2017,2017-06-07T19:09:08.000Z
Farmbird,625A H St NE,Chicken Shop,5,600 - 699 block of h street ne,theft/other,property,others,6,2017,2017-06-07T18:50:55.000Z
Farmbird,625A H St NE,Chicken Shop,5,600 - 699 block of h street ne,theft/other,property,others,6,2017,2017-06-04T15:59:16.000Z
Farmbird,625A H St NE,Chicken Shop,5,600 - 699 block of h street ne,theft/other,property,others,6,2017,2017-06-04T07:34:52.000Z
Farmbird,625A H St NE,Chicken Shop,5,600 - 699 block of h street ne,theft/other,property,others,6,2017,2017-05-31T13:05:58.000Z
Farmbird,625A H St NE,Chicken Shop,5,600 - 699 block of h street ne,theft/other,property,others,6,2017,2017-05-29T12:52:19.000Z
Farmbird,625A H St NE,Chicken Shop,5,600 - 699 block of h street ne,theft/other,property,others,6,2017,2017-05-27T15:39:27.000Z
Farmbird,625A H St NE,Chicken Shop,5,600 - 699 block of h street ne,theft/other,property,others,6,2017,2017-05-25T14:52:21.000Z
Farmbird,625A H St NE,Chicken Shop,5,600 - 699 block of h street ne,theft/other,property,others,6,2017,2017-05-24T16:42:11.000Z
Farmbird,625A H St NE,Chicken Shop,5,600 - 699 block of h street ne,theft/other,property,others,6,2017,2017-05-20T13:24:56.000Z
Farmbird,625A H St NE,Chicken Shop,5,600 - 699 block of h street ne,theft/other,property,others,6,2017,2017-05-19T17:16:03.000Z
Farmbird,625A H St NE,Chicken Shop,5,600 - 699 block of h street ne,theft/other,property,others,6,2017,2017-05-12T06:25:08.000Z
Farmbird,625A H St NE,Chicken Shop,5,600 - 699 block of h street ne,theft/other,property,others,6,2017,2017-05-09T08:56:31.000Z
Farmbird,625A H St NE,Chicken Shop,5,600 - 699 block of h street ne,theft/other,property,others,6,2017,2017-05-03T21:53:40.000Z
Farmbird,625A H St NE,Chicken Shop,5,600 - 699 block of h street ne,theft/other,property,others,6,2017,2017-05-02T13:01:29.000Z
Farmbird,625A H St NE,Chicken Shop,5,600 - 699 block of h street ne,theft/other,property,others,6,2017,2017-04-30T08:45:19.000Z
Farmbird,625A H St NE,Chicken Shop,5,600 - 699 block of h street ne,theft/other,property,others,6,2017,2017-04-29T01:49:39.000Z
Farmbird,625A H St NE,Chicken Shop,5,600 - 699 block of h street ne,theft/other,property,others,6,2017,2017-04-27T13:42:28.000Z
Farmbird,625A H St NE,Chicken Shop,5,600 - 699 block of h street ne,theft/other,property,others,6,2017,2017-04-24T06:55:45.000Z
Farmbird,625A H St NE,Chicken Shop,5,600 - 699 block of h street ne,theft/other,property,others,6,2017,2017-04-24T02:31:36.000Z
Farmbird,625A H St NE,Chicken Shop,5,600 - 699 block of h street ne,theft/other,property,others,6,2017,2017-04-19T21:14:37.000Z
Farmbird,625A H St NE,Chicken Shop,5,600 - 699 block of h street ne,theft/other,property,others,6,2017,2017-04-13T15:35:13.000Z
Farmbird,625A H St NE,Chicken Shop,5,600 - 699 block of h street ne,theft/other,property,others,6,2017,2017-04-02T18:31:43.000Z
Farmbird,625A H St NE,Chicken Shop,5,600 - 699 block of h street ne,theft/other,property,others,6,2017,2017-04-01T00:37:48.000Z
Farmbird,625A H St NE,Chicken Shop,5,600 - 699 block of h street ne,theft/other,property,others,6,2017,2017-03-31T02:49:30.000Z
Farmbird,625A H St NE,Chicken Shop,5,600 - 699 block of h street ne,theft/other,property,others,6,2017,2017-03-28T18:19:37.000Z
Farmbird,625A H St NE,Chicken Shop,5,600 - 699 block of h street ne,theft/other,property,others,6,2017,2017-03-26T14:43:48.000Z
Farmbird,625A H St NE,Chicken Shop,5,600 - 699 block of h street ne,theft/other,property,others,6,2017,2017-03-21T22:02:14.000Z
Farmbird,625A H St NE,Chicken Shop,5,600 - 699 block of h street ne,theft/other,property,others,6,2017,2017-03-21T19:43:55.000Z
Farmbird,625A H St NE,Chicken Shop,5,600 - 699 block of h street ne,theft/other,property,others,6,2017,2017-03-19T05:00:10.000Z
Farmbird,625A H St NE,Chicken Shop,5,600 - 699 block of h street ne,theft/other,property,others,6,2017,2017-03-14T14:50:51.000Z
Farmbird,625A H St NE,Chicken Shop,5,600 - 699 block of h street ne,theft/other,property,others,6,2017,2017-03-05T21:13:10.000Z
Farmbird,625A H St NE,Chicken Shop,5,600 - 699 block of h street ne,theft/other,property,others,6,2017,2017-03-01T21:44:49.000Z
Farmbird,625A H St NE,Chicken Shop,5,600 - 699 block of h street ne,theft/other,property,others,6,2017,2017-02-27T23:28:27.000Z
Farmbird,625A H St NE,Chicken Shop,5,600 - 699 block of h street ne,theft/other,property,others,6,2017,2017-02-25T20:03:09.000Z
Farmbird,625A H St NE,Chicken Shop,5,600 - 699 block of h street ne,theft/other,property,others,6,2017,2017-02-18T18:46:22.000Z
Farmbird,625A H St NE,Chicken Shop,5,600 - 699 block of h street ne,theft/other,property,others,6,2017,2017-02-16T16:10:51.000Z
Farmbird,625A H St NE,Chicken Shop,5,600 - 699 block of h street ne,theft/other,property,others,6,2017,2017-02-15T19:37:06.000Z
Farmbird,625A H St NE,Chicken Shop,5,600 - 699 block of h street ne,theft/other,property,others,6,2017,2017-02-12T22:50:24.000Z
Farmbird,625A H St NE,Chicken Shop,5,600 - 699 block of h street ne,theft/other,property,others,6,2017,2017-02-11T23:44:47.000Z
Farmbird,625A H St NE,Chicken Shop,5,600 - 699 block of h street ne,theft/other,property,others,6,2017,2017-02-08T15:00:37.000Z
Farmbird,625A H St NE,Chicken Shop,5,600 - 699 block of h street ne,theft/other,property,others,6,2017,2017-02-08T14:16:34.000Z
Farmbird,625A H St NE,Chicken Shop,5,600 - 699 block of h street ne,theft/other,property,others,6,2017,2017-02-04T21:43:37.000Z
Farmbird,625A H St NE,Chicken Shop,5,600 - 699 block of h street ne,theft/other,property,others,6,2017,2017-02-04T16:51:59.000Z
Farmbird,625A H St NE,Chicken Shop,5,600 - 699 block of h street ne,theft/other,property,others,6,2017,2017-01-27T21:31:23.000Z
Farmbird,625A H St NE,Chicken Shop,5,600 - 699 block of h street ne,theft/other,property,others,6,2017,2017-01-27T06:02:55.000Z
Farmbird,625A H St NE,Chicken Shop,5,600 - 699 block of h street ne,theft/other,property,others,6,2017,2017-01-24T22:33:04.000Z
Farmbird,625A H St NE,Chicken Shop,5,600 - 699 block of h street ne,theft/other,property,others,6,2017,2017-01-24T19:57:32.000Z
Farmbird,625A H St NE,Chicken Shop,5,600 - 699 block of h street ne,theft/other,property,others,6,2017,2017-01-23T15:31:52.000Z
Farmbird,625A H St NE,Chicken Shop,5,600 - 699 block of h street ne,theft/other,property,others,6,2017,2017-01-22T17:47:00.000Z
Farmbird,625A H St NE,Chicken Shop,5,600 - 699 block of h street ne,theft/other,property,others,6,2017,2017-01-21T04:15:43.000Z
Farmbird,625A H St NE,Chicken Shop,5,600 - 699 block of h street ne,theft/other,property,others,6,2017,2017-01-17T22:46:33.000Z
Farmbird,625A H St NE,Chicken Shop,5,600 - 699 block of h street ne,theft/other,property,others,6,2017,2017-01-16T03:11:38.000Z
Farmbird,625A H St NE,Chicken Shop,5,600 - 699 block of h street ne,theft/other,property,others,6,2017,2017-01-12T18:30:21.000Z
Farmbird,625A H St NE,Chicken Shop,5,600 - 699 block of h street ne,theft/other,property,others,6,2017,2017-01-06T02:39:33.000Z
Farmbird,625A H St NE,Chicken Shop,5,600 - 699 block of h street ne,theft/other,property,others,6,2017,2017-01-03T23:14:03.000Z
Farmbird,625A H St NE,Chicken Shop,5,600 - 699 block of h street ne,theft/other,property,others,6,2016,2016-12-28T02:43:19.000Z
Farmbird,625A H St NE,Chicken Shop,5,600 - 699 block of h street ne,theft/other,property,others,6,2016,2016-12-23T12:07:03.000Z
Farmbird,625A H St NE,Chicken Shop,5,600 - 699 block of h street ne,theft/other,property,others,6,2016,2016-12-22T04:18:49.000Z
Farmbird,625A H St NE,Chicken Shop,5,600 - 699 block of h street ne,theft/other,property,others,6,2016,2016-12-21T22:43:08.000Z
Farmbird,625A H St NE,Chicken Shop,5,600 - 699 block of h street ne,theft/other,property,others,6,2016,2016-12-11T20:36:12.000Z
Farmbird,625A H St NE,Chicken Shop,5,600 - 699 block of h street ne,theft/other,property,others,6,2016,2016-12-10T03:22:18.000Z
Farmbird,625A H St NE,Chicken Shop,5,600 - 699 block of h street ne,theft/other,property,others,6,2016,2016-12-04T04:26:31.000Z
Farmbird,625A H St NE,Chicken Shop,5,600 - 699 block of h street ne,theft/other,property,others,6,2016,2016-11-29T20:49:35.000Z
Farmbird,625A H St NE,Chicken Shop,5,600 - 699 block of h street ne,theft/other,property,others,6,2016,2016-11-26T18:07:44.000Z
Farmbird,625A H St NE,Chicken Shop,5,600 - 699 block of h street ne,theft/other,property,others,6,2016,2016-11-24T18:19:54.000Z
Farmbird,625A H St NE,Chicken Shop,5,600 - 699 block of h street ne,theft/other,property,others,6,2016,2016-11-22T21:06:34.000Z
Farmbird,625A H St NE,Chicken Shop,5,600 - 699 block of h street ne,theft/other,property,others,6,2016,2016-11-21T21:11:32.000Z
Farmbird,625A H St NE,Chicken Shop,5,600 - 699 block of h street ne,theft/other,property,others,6,2016,2016-11-21T15:23:20.000Z
Farmbird,625A H St NE,Chicken Shop,5,600 - 699 block of h street ne,theft/other,property,others,6,2016,2016-11-16T15:27:45.000Z
Farmbird,625A H St NE,Chicken Shop,5,600 - 699 block of h street ne,theft/other,property,others,6,2016,2016-11-11T15:34:12.000Z
Farmbird,625A H St NE,Chicken Shop,5,600 - 699 block of h street ne,theft/other,property,others,6,2016,2016-10-25T16:33:26.000Z
Farmbird,625A H St NE,Chicken Shop,5,600 - 699 block of h street ne,theft/other,property,others,6,2016,2016-09-22T02:41:44.000Z
Farmbird,625A H St NE,Chicken Shop,5,600 - 699 block of h street ne,theft/other,property,others,6,2016,2016-09-18T15:04:29.000Z
Farmbird,625A H St NE,Chicken Shop,5,600 - 699 block of h street ne,theft/other,property,others,6,2016,2016-09-14T15:16:43.000Z
Farmbird,625A H St NE,Chicken Shop,5,600 - 699 block of h street ne,theft/other,property,others,6,2016,2016-09-07T04:02:21.000Z
Farmbird,625A H St NE,Chicken Shop,5,600 - 699 block of h street ne,theft/other,property,others,6,2016,2016-08-30T20:16:55.000Z
Farmbird,625A H St NE,Chicken Shop,5,600 - 699 block of h street ne,theft/other,property,others,6,2016,2016-08-23T21:15:04.000Z
Farmbird,625A H St NE,Chicken Shop,5,600 - 699 block of h street ne,theft/other,property,others,6,2016,2016-08-22T12:05:15.000Z
Farmbird,625A H St NE,Chicken Shop,5,600 - 699 block of h street ne,theft/other,property,others,6,2016,2016-08-13T19:26:07.000Z
Farmbird,625A H St NE,Chicken Shop,5,600 - 699 block of h street ne,theft/other,property,others,6,2016,2016-08-12T00:53:35.000Z
Farmbird,625A H St NE,Chicken Shop,5,600 - 699 block of h street ne,theft/other,property,others,6,2016,2016-08-11T21:15:09.000Z
Farmbird,625A H St NE,Chicken Shop,5,600 - 699 block of h street ne,theft/other,property,others,6,2016,2016-08-10T12:29:46.000Z
Farmbird,625A H St NE,Chicken Shop,5,600 - 699 block of h street ne,theft/other,property,others,6,2016,2016-08-03T00:48:10.000Z
Farmbird,625A H St NE,Chicken Shop,5,600 - 699 block of h street ne,theft/other,property,others,6,2016,2016-07-26T23:21:11.000Z
Farmbird,625A H St NE,Chicken Shop,5,600 - 699 block of h street ne,theft/other,property,others,6,2016,2016-07-26T20:25:08.000Z
Farmbird,625A H St NE,Chicken Shop,5,600 - 699 block of h street ne,theft/other,property,others,6,2016,2016-07-25T01:18:23.000Z
Farmbird,625A H St NE,Chicken Shop,5,600 - 699 block of h street ne,theft/other,property,others,6,2016,2016-07-24T01:18:00.000Z
Farmbird,625A H St NE,Chicken Shop,5,600 - 699 block of h street ne,theft/other,property,others,6,2016,2016-07-19T18:09:11.000Z
Farmbird,625A H St NE,Chicken Shop,5,600 - 699 block of h street ne,theft/other,property,others,6,2016,2016-07-18T23:42:14.000Z
Farmbird,625A H St NE,Chicken Shop,5,600 - 699 block of h street ne,theft/other,property,others,6,2016,2016-07-17T16:20:22.000Z
Farmbird,625A H St NE,Chicken Shop,5,600 - 699 block of h street ne,theft/other,property,others,6,2016,2016-07-15T00:38:10.000Z
Farmbird,625A H St NE,Chicken Shop,5,600 - 699 block of h street ne,theft/other,property,others,6,2016,2016-07-14T04:32:40.000Z
Farmbird,625A H St NE,Chicken Shop,5,600 - 699 block of h street ne,theft/other,property,others,6,2016,2016-07-13T00:58:13.000Z
Farmbird,625A H St NE,Chicken Shop,5,600 - 699 block of h street ne,theft/other,property,others,6,2016,2016-07-13T00:48:44.000Z
Farmbird,625A H St NE,Chicken Shop,5,600 - 699 block of h street ne,theft/other,property,others,6,2016,2016-07-04T21:10:18.000Z
Farmbird,625A H St NE,Chicken Shop,5,600 - 699 block of h street ne,theft/other,property,others,6,2016,2016-07-01T23:14:07.000Z
Farmbird,625A H St NE,Chicken Shop,5,600 - 699 block of h street ne,theft/other,property,others,6,2016,2016-06-30T22:15:08.000Z
Farmbird,625A H St NE,Chicken Shop,5,600 - 699 block of h street ne,theft/other,property,others,6,2016,2016-06-26T20:49:55.000Z
Farmbird,625A H St NE,Chicken Shop,5,600 - 699 block of h street ne,theft/other,property,others,6,2016,2016-06-26T01:45:26.000Z
Farmbird,625A H St NE,Chicken Shop,5,600 - 699 block of h street ne,theft/other,property,others,6,2016,2016-06-22T13:41:51.000Z
Farmbird,625A H St NE,Chicken Shop,5,600 - 699 block of h street ne,theft/other,property,others,6,2016,2016-06-18T13:23:15.000Z
Farmbird,625A H St NE,Chicken Shop,5,600 - 699 block of h street ne,theft/other,property,others,6,2016,2016-06-12T22:40:19.000Z
Farmbird,625A H St NE,Chicken Shop,5,600 - 699 block of h street ne,theft/other,property,others,6,2016,2016-06-06T19:57:59.000Z
Farmbird,625A H St NE,Chicken Shop,5,600 - 699 block of h street ne,theft/other,property,others,6,2016,2016-06-04T20:42:06.000Z
Farmbird,625A H St NE,Chicken Shop,5,600 - 699 block of h street ne,theft/other,property,others,6,2016,2016-05-22T21:38:37.000Z
Farmbird,625A H St NE,Chicken Shop,5,600 - 699 block of h street ne,theft/other,property,others,6,2016,2016-05-20T17:40:54.000Z
Farmbird,625A H St NE,Chicken Shop,5,600 - 699 block of h street ne,theft/other,property,others,6,2016,2016-05-20T14:04:43.000Z
Farmbird,625A H St NE,Chicken Shop,5,600 - 699 block of h street ne,theft/other,property,others,6,2016,2016-05-19T11:20:37.000Z
Farmbird,625A H St NE,Chicken Shop,5,600 - 699 block of h street ne,theft/other,property,others,6,2016,2016-05-08T20:11:29.000Z
Farmbird,625A H St NE,Chicken Shop,5,600 - 699 block of h street ne,theft/other,property,others,6,2016,2016-05-06T13:11:47.000Z
Farmbird,625A H St NE,Chicken Shop,5,600 - 699 block of h street ne,theft/other,property,others,6,2016,2016-05-01T20:30:48.000Z
Farmbird,625A H St NE,Chicken Shop,5,600 - 699 block of h street ne,theft/other,property,others,6,2016,2016-04-29T02:45:03.000Z
Farmbird,625A H St NE,Chicken Shop,5,600 - 699 block of h street ne,theft/other,property,others,6,2016,2016-04-20T19:17:09.000Z
Grady's,2210 14th St NW,American (New),4.5,2200 - 2299 block of 14th street nw,burglary,property,others,5,2016,2016-07-25T22:27:36.000Z
Grady's,2210 14th St NW,American (New),4.5,2200 - 2299 block of 14th street nw,robbery,violent,gun,4,2017,2017-04-28T04:47:05.000Z
Grady's,2210 14th St NW,American (New),4.5,2200 - 2299 block of 14th street nw,robbery,violent,others,4,2016,2016-10-29T19:07:15.000Z
Grady's,2210 14th St NW,American (New),4.5,2200 - 2299 block of 14th street nw,theft f/auto,property,others,7,2018,2018-01-10T19:55:50.000Z
Grady's,2210 14th St NW,American (New),4.5,2200 - 2299 block of 14th street nw,theft f/auto,property,others,7,2017,2017-12-27T19:32:34.000Z
Grady's,2210 14th St NW,American (New),4.5,2200 - 2299 block of 14th street nw,theft f/auto,property,others,7,2017,2017-07-11T03:07:18.000Z
Grady's,2210 14th St NW,American (New),4.5,2200 - 2299 block of 14th street nw,theft f/auto,property,others,7,2016,2016-08-25T20:25:14.000Z
Grady's,2210 14th St NW,American (New),4.5,2200 - 2299 block of 14th street nw,theft/other,property,others,6,2018,2018-03-05T07:50:14.000Z
Grady's,2210 14th St NW,American (New),4.5,2200 - 2299 block of 14th street nw,theft/other,property,others,6,2017,2017-11-05T19:15:11.000Z
Grady's,2210 14th St NW,American (New),4.5,2200 - 2299 block of 14th street nw,theft/other,property,others,6,2017,2017-04-20T06:52:50.000Z
Grady's,2210 14th St NW,American (New),4.5,2200 - 2299 block of 14th street nw,theft/other,property,others,6,2017,2017-01-15T06:11:49.000Z
Grady's,2210 14th St NW,American (New),4.5,2200 - 2299 block of 14th street nw,theft/other,property,others,6,2016,2016-12-18T00:23:48.000Z
Grady's,2210 14th St NW,American (New),4.5,2200 - 2299 block of 14th street nw,theft/other,property,others,6,2016,2016-09-20T19:09:05.000Z
Grady's,2210 14th St NW,American (New),4.5,2200 - 2299 block of 14th street nw,theft/other,property,others,6,2016,2016-09-14T17:51:06.000Z
Grady's,2210 14th St NW,American (New),4.5,2200 - 2299 block of 14th street nw,theft/other,property,others,6,2016,2016-08-08T19:07:30.000Z
Honeysuckle,1990 M St NW,American (New),4.5,1900 - 1999 block of m street nw,burglary,property,others,5,2017,2017-05-16T19:23:17.000Z
Honeysuckle,1990 M St NW,American (New),4.5,1900 - 1999 block of m street nw,burglary,property,others,5,2017,2017-05-16T15:09:43.000Z
Honeysuckle,1990 M St NW,American (New),4.5,1900 - 1999 block of m street nw,motor vehicle theft,property,others,8,2017,2017-03-08T11:00:53.000Z
Honeysuckle,1990 M St NW,American (New),4.5,1900 - 1999 block of m street nw,motor vehicle theft,property,others,8,2016,2016-10-09T04:10:29.000Z
Honeysuckle,1990 M St NW,American (New),4.5,1900 - 1999 block of m street nw,motor vehicle theft,property,others,8,2016,2016-05-30T16:40:28.000Z
Honeysuckle,1990 M St NW,American (New),4.5,1900 - 1999 block of m street nw,robbery,violent,others,4,2016,2016-10-17T02:22:41.000Z
Honeysuckle,1990 M St NW,American (New),4.5,16 - 68 block of m street nw,robbery,violent,others,4,2016,2016-06-20T05:57:01.000Z
Honeysuckle,1990 M St NW,American (New),4.5,1900 - 1999 block of m street nw,theft f/auto,property,others,7,2017,2017-03-31T06:34:03.000Z
Honeysuckle,1990 M St NW,American (New),4.5,16 - 68 block of m street nw,theft f/auto,property,others,7,2017,2017-02-09T21:59:31.000Z
Honeysuckle,1990 M St NW,American (New),4.5,1900 - 1999 block of m street nw,theft f/auto,property,others,7,2016,2016-06-13T01:55:38.000Z
Honeysuckle,1990 M St NW,American (New),4.5,1900 - 1999 block of m street nw,theft/other,property,others,6,2018,2018-03-24T01:04:40.000Z
Honeysuckle,1990 M St NW,American (New),4.5,1900 - 1999 block of m street nw,theft/other,property,others,6,2018,2018-03-16T14:50:18.000Z
Honeysuckle,1990 M St NW,American (New),4.5,1900 - 1999 block of m street nw,theft/other,property,others,6,2018,2018-02-01T00:34:46.000Z
Honeysuckle,1990 M St NW,American (New),4.5,1900 - 1999 block of m street nw,theft/other,property,others,6,2017,2017-10-04T03:52:27.000Z
Honeysuckle,1990 M St NW,American (New),4.5,1900 - 1999 block of m street nw,theft/other,property,others,6,2016,2016-09-23T18:06:13.000Z
Honeysuckle,1990 M St NW,American (New),4.5,1900 - 1999 block of m street nw,theft/other,property,others,6,2016,2016-09-04T23:49:59.000Z
Honeysuckle,1990 M St NW,American (New),4.5,16 - 68 block of m street nw,theft/other,property,others,6,2016,2016-05-06T19:43:28.000Z
Napoli Pasta Bar,2737 Sherman Ave NW,Italian,4.5,2700 - 2799 block of sherman avenue nw,burglary,property,others,5,2017,2017-07-28T15:56:13.000Z
Napoli Pasta Bar,2737 Sherman Ave NW,Italian,4.5,2700 - 2799 block of sherman avenue nw,theft f/auto,property,others,7,2018,2018-04-09T07:18:45.000Z
Napoli Pasta Bar,2737 Sherman Ave NW,Italian,4.5,2700 - 2799 block of sherman avenue nw,theft f/auto,property,others,7,2018,2018-03-01T16:13:58.000Z
Napoli Pasta Bar,2737 Sherman Ave NW,Italian,4.5,2700 - 2799 block of sherman avenue nw,theft f/auto,property,others,7,2017,2017-11-02T18:59:28.000Z
Napoli Pasta Bar,2737 Sherman Ave NW,Italian,4.5,2700 - 2799 block of sherman avenue nw,theft f/auto,property,others,7,2017,2017-07-31T16:20:15.000Z
Napoli Pasta Bar,2737 Sherman Ave NW,Italian,4.5,2700 - 2799 block of sherman avenue nw,theft f/auto,property,others,7,2017,2017-06-27T18:47:30.000Z
Napoli Pasta Bar,2737 Sherman Ave NW,Italian,4.5,2700 - 2799 block of sherman avenue nw,theft f/auto,property,others,7,2017,2017-03-27T03:37:06.000Z
Napoli Pasta Bar,2737 Sherman Ave NW,Italian,4.5,2700 - 2799 block of sherman avenue nw,theft f/auto,property,others,7,2017,2017-01-15T16:49:15.000Z
Napoli Pasta Bar,2737 Sherman Ave NW,Italian,4.5,2700 - 2799 block of sherman avenue nw,theft f/auto,property,others,7,2016,2016-11-18T08:34:35.000Z
Napoli Pasta Bar,2737 Sherman Ave NW,Italian,4.5,2700 - 2799 block of sherman avenue nw,theft f/auto,property,others,7,2016,2016-09-18T16:17:58.000Z
Napoli Pasta Bar,2737 Sherman Ave NW,Italian,4.5,2700 - 2799 block of sherman avenue nw,theft f/auto,property,others,7,2016,2016-07-21T18:38:24.000Z
Napoli Pasta Bar,2737 Sherman Ave NW,Italian,4.5,2700 - 2799 block of sherman avenue nw,theft f/auto,property,others,7,2016,2016-06-22T18:00:15.000Z
Napoli Pasta Bar,2737 Sherman Ave NW,Italian,4.5,2700 - 2799 block of sherman avenue nw,theft/other,property,others,6,2017,2017-03-24T14:07:39.000Z
Napoli Pasta Bar,2737 Sherman Ave NW,Italian,4.5,2700 - 2799 block of sherman avenue nw,theft/other,property,others,6,2017,2017-03-13T13:43:24.000Z
Rose's Luxury,717 8th St SE,American (New),4.5,700 - 799 block of 8th street se,burglary,property,others,5,2017,2017-11-09T20:26:56.000Z
Rose's Luxury,717 8th St SE,American (New),4.5,700 - 799 block of 8th street se,burglary,property,others,5,2016,2016-06-24T18:27:17.000Z
Rose's Luxury,717 8th St SE,American (New),4.5,700 - 799 block of 8th street se,burglary,property,others,5,2016,2016-06-24T17:57:35.000Z
Rose's Luxury,717 8th St SE,American (New),4.5,700 - 799 block of 8th street se,motor vehicle theft,property,others,8,2017,2017-08-13T07:16:00.000Z
Rose's Luxury,717 8th St SE,American (New),4.5,1 - 99 block of 8th street se,motor vehicle theft,property,others,8,2016,2016-10-05T21:15:40.000Z
Rose's Luxury,717 8th St SE,American (New),4.5,700 - 799 block of 8th street se,robbery,violent,others,4,2017,2017-04-10T18:30:36.000Z
Rose's Luxury,717 8th St SE,American (New),4.5,1 - 99 block of 8th street se,robbery,violent,others,4,2017,2017-01-25T03:06:53.000Z
Rose's Luxury,717 8th St SE,American (New),4.5,700 - 799 block of 8th street se,robbery,violent,others,4,2017,2017-01-03T01:39:41.000Z
Rose's Luxury,717 8th St SE,American (New),4.5,700 - 799 block of 8th street se,theft f/auto,property,others,7,2017,2017-06-30T17:51:29.000Z
Rose's Luxury,717 8th St SE,American (New),4.5,1 - 99 block of 8th street se,theft f/auto,property,others,7,2017,2017-04-13T11:37:06.000Z
Rose's Luxury,717 8th St SE,American (New),4.5,1 - 99 block of 8th street se,theft f/auto,property,others,7,2017,2017-04-08T18:23:57.000Z
Rose's Luxury,717 8th St SE,American (New),4.5,700 - 799 block of 8th street se,theft f/auto,property,others,7,2016,2016-12-21T11:06:53.000Z
Rose's Luxury,717 8th St SE,American (New),4.5,1 - 99 block of 8th street se,theft f/auto,property,others,7,2016,2016-12-08T14:07:27.000Z
Rose's Luxury,717 8th St SE,American (New),4.5,700 - 799 block of 8th street se,theft f/auto,property,others,7,2016,2016-12-04T10:40:22.000Z
Rose's Luxury,717 8th St SE,American (New),4.5,700 - 799 block of 8th street se,theft f/auto,property,others,7,2016,2016-10-30T23:31:30.000Z
Rose's Luxury,717 8th St SE,American (New),4.5,700 - 799 block of 8th street se,theft f/auto,property,others,7,2016,2016-10-14T19:48:56.000Z
Rose's Luxury,717 8th St SE,American (New),4.5,700 - 799 block of 8th street se,theft/other,property,others,6,2018,2018-02-24T23:01:40.000Z
Rose's Luxury,717 8th St SE,American (New),4.5,700 - 799 block of 8th street se,theft/other,property,others,6,2018,2018-02-16T19:48:40.000Z
Rose's Luxury,717 8th St SE,American (New),4.5,700 - 799 block of 8th street se,theft/other,property,others,6,2018,2018-01-26T21:55:54.000Z
Rose's Luxury,717 8th St SE,American (New),4.5,700 - 799 block of 8th street se,theft/other,property,others,6,2017,2017-12-22T21:59:34.000Z
Rose's Luxury,717 8th St SE,American (New),4.5,700 - 799 block of 8th street se,theft/other,property,others,6,2017,2017-11-07T01:54:06.000Z
Rose's Luxury,717 8th St SE,American (New),4.5,700 - 799 block of 8th street se,theft/other,property,others,6,2017,2017-10-08T05:39:01.000Z
Rose's Luxury,717 8th St SE,American (New),4.5,700 - 799 block of 8th street se,theft/other,property,others,6,2017,2017-09-29T17:37:28.000Z
Rose's Luxury,717 8th St SE,American (New),4.5,700 - 799 block of 8th street se,theft/other,property,others,6,2017,2017-08-30T23:54:31.000Z
Rose's Luxury,717 8th St SE,American (New),4.5,700 - 799 block of 8th street se,theft/other,property,others,6,2017,2017-08-17T03:43:15.000Z
Rose's Luxury,717 8th St SE,American (New),4.5,700 - 799 block of 8th street se,theft/other,property,others,6,2017,2017-08-11T23:25:19.000Z
Rose's Luxury,717 8th St SE,American (New),4.5,700 - 799 block of 8th street se,theft/other,property,others,6,2017,2017-06-28T16:28:01.000Z
Rose's Luxury,717 8th St SE,American (New),4.5,700 - 799 block of 8th street se,theft/other,property,others,6,2017,2017-06-11T18:59:54.000Z
Rose's Luxury,717 8th St SE,American (New),4.5,700 - 799 block of 8th street se,theft/other,property,others,6,2017,2017-06-07T03:11:21.000Z
Rose's Luxury,717 8th St SE,American (New),4.5,700 - 799 block of 8th street se,theft/other,property,others,6,2017,2017-05-10T23:43:29.000Z
Rose's Luxury,717 8th St SE,American (New),4.5,700 - 799 block of 8th street se,theft/other,property,others,6,2017,2017-04-29T16:10:27.000Z
Rose's Luxury,717 8th St SE,American (New),4.5,700 - 799 block of 8th street se,theft/other,property,others,6,2017,2017-04-26T22:47:47.000Z
Rose's Luxury,717 8th St SE,American (New),4.5,700 - 799 block of 8th street se,theft/other,property,others,6,2017,2017-03-07T21:31:02.000Z
Rose's Luxury,717 8th St SE,American (New),4.5,700 - 799 block of 8th street se,theft/other,property,others,6,2017,2017-02-08T23:30:17.000Z
Rose's Luxury,717 8th St SE,American (New),4.5,700 - 799 block of 8th street se,theft/other,property,others,6,2016,2016-12-20T23:14:55.000Z
Rose's Luxury,717 8th St SE,American (New),4.5,1 - 99 block of 8th street se,theft/other,property,others,6,2016,2016-11-29T02:03:23.000Z
Rose's Luxury,717 8th St SE,American (New),4.5,700 - 799 block of 8th street se,theft/other,property,others,6,2016,2016-10-12T01:32:29.000Z
Rose's Luxury,717 8th St SE,American (New),4.5,700 - 799 block of 8th street se,theft/other,property,others,6,2016,2016-09-24T20:36:05.000Z
Rose's Luxury,717 8th St SE,American (New),4.5,700 - 799 block of 8th street se,theft/other,property,others,6,2016,2016-09-20T20:41:11.000Z
Rose's Luxury,717 8th St SE,American (New),4.5,700 - 799 block of 8th street se,theft/other,property,others,6,2016,2016-09-11T00:20:57.000Z
Rose's Luxury,717 8th St SE,American (New),4.5,700 - 799 block of 8th street se,theft/other,property,others,6,2016,2016-09-02T23:53:20.000Z
Rose's Luxury,717 8th St SE,American (New),4.5,700 - 799 block of 8th street se,theft/other,property,others,6,2016,2016-05-30T15:24:17.000Z
Rose's Luxury,717 8th St SE,American (New),4.5,1 - 99 block of 8th street se,theft/other,property,others,6,2016,2016-04-28T00:36:54.000Z
The Alibi,237 2nd St NW,British,4.5,200 - 299 block of 2nd street nw,theft f/auto,property,others,7,2016,2016-12-04T20:44:45.000Z
The Alibi,237 2nd St NW,British,4.5,200 - 299 block of 2nd street nw,theft/other,property,others,6,2017,2017-10-14T15:58:34.000Z
Tiki Taco,2010 P St NW,Tacos,4.5,100 - 299 block of p street nw,assault w/dangerous weapon,violent,gun,3,2018,2018-04-05T13:40:40.000Z
Tiki Taco,2010 P St NW,Tacos,4.5,100 - 299 block of p street nw,assault w/dangerous weapon,violent,knife,3,2017,2017-03-07T07:36:55.000Z
Tiki Taco,2010 P St NW,Tacos,4.5,2000 - 2016 block of p street nw,assault w/dangerous weapon,violent,gun,3,2016,2016-07-13T02:15:33.000Z
Tiki Taco,2010 P St NW,Tacos,4.5,2000 - 2016 block of p street nw,burglary,property,others,5,2017,2017-08-07T15:50:10.000Z
Tiki Taco,2010 P St NW,Tacos,4.5,2000 - 2016 block of p street nw,burglary,property,others,5,2016,2016-04-25T13:55:57.000Z
Tiki Taco,2010 P St NW,Tacos,4.5,100 - 299 block of p street nw,motor vehicle theft,property,others,8,2017,2017-07-20T01:26:57.000Z
Tiki Taco,2010 P St NW,Tacos,4.5,2000 - 2016 block of p street nw,motor vehicle theft,property,others,8,2017,2017-02-27T08:26:52.000Z
Tiki Taco,2010 P St NW,Tacos,4.5,2000 - 2016 block of p street nw,robbery,violent,others,4,2016,2016-07-21T14:59:42.000Z
Tiki Taco,2010 P St NW,Tacos,4.5,1 - 99 block of p street nw,theft f/auto,property,others,7,2018,2018-03-02T15:27:51.000Z
Tiki Taco,2010 P St NW,Tacos,4.5,1 - 99 block of p street nw,theft f/auto,property,others,7,2018,2018-01-09T18:44:48.000Z
Tiki Taco,2010 P St NW,Tacos,4.5,1 - 99 block of p street nw,theft f/auto,property,others,7,2017,2017-11-28T14:31:48.000Z
Tiki Taco,2010 P St NW,Tacos,4.5,1 - 99 block of p street nw,theft f/auto,property,others,7,2017,2017-10-03T14:03:05.000Z
Tiki Taco,2010 P St NW,Tacos,4.5,1 - 99 block of p street nw,theft f/auto,property,others,7,2017,2017-08-10T18:38:58.000Z
Tiki Taco,2010 P St NW,Tacos,4.5,100 - 299 block of p street nw,theft f/auto,property,others,7,2017,2017-07-24T15:08:05.000Z
Tiki Taco,2010 P St NW,Tacos,4.5,100 - 299 block of p street nw,theft f/auto,property,others,7,2017,2017-06-09T22:09:03.000Z
Tiki Taco,2010 P St NW,Tacos,4.5,100 - 299 block of p street nw,theft f/auto,property,others,7,2017,2017-05-21T19:07:20.000Z
Tiki Taco,2010 P St NW,Tacos,4.5,2000 - 2016 block of p street nw,theft f/auto,property,others,7,2017,2017-04-13T02:11:54.000Z
Tiki Taco,2010 P St NW,Tacos,4.5,100 - 299 block of p street nw,theft f/auto,property,others,7,2017,2017-01-25T12:35:12.000Z
Tiki Taco,2010 P St NW,Tacos,4.5,1 - 99 block of p street nw,theft f/auto,property,others,7,2016,2016-12-18T19:24:10.000Z
Tiki Taco,2010 P St NW,Tacos,4.5,100 - 299 block of p street nw,theft f/auto,property,others,7,2016,2016-12-10T18:30:22.000Z
Tiki Taco,2010 P St NW,Tacos,4.5,2000 - 2016 block of p street nw,theft f/auto,property,others,7,2016,2016-11-26T13:18:59.000Z
Tiki Taco,2010 P St NW,Tacos,4.5,100 - 299 block of p street nw,theft f/auto,property,others,7,2016,2016-10-25T23:42:42.000Z
Tiki Taco,2010 P St NW,Tacos,4.5,2000 - 2016 block of p street nw,theft f/auto,property,others,7,2016,2016-10-22T17:33:00.000Z
Tiki Taco,2010 P St NW,Tacos,4.5,100 - 299 block of p street nw,theft f/auto,property,others,7,2016,2016-10-08T16:56:54.000Z
Tiki Taco,2010 P St NW,Tacos,4.5,100 - 299 block of p street nw,theft f/auto,property,others,7,2016,2016-08-09T21:22:59.000Z
Tiki Taco,2010 P St NW,Tacos,4.5,1 - 99 block of p street nw,theft f/auto,property,others,7,2016,2016-08-07T21:36:04.000Z
Tiki Taco,2010 P St NW,Tacos,4.5,100 - 299 block of p street nw,theft f/auto,property,others,7,2016,2016-04-24T15:55:12.000Z
Tiki Taco,2010 P St NW,Tacos,4.5,100 - 299 block of p street nw,theft/other,property,others,6,2017,2017-12-21T18:21:45.000Z
Tiki Taco,2010 P St NW,Tacos,4.5,100 - 299 block of p street nw,theft/other,property,others,6,2017,2017-11-23T02:25:04.000Z
Tiki Taco,2010 P St NW,Tacos,4.5,100 - 299 block of p street nw,theft/other,property,others,6,2017,2017-10-19T11:30:40.000Z
Tiki Taco,2010 P St NW,Tacos,4.5,1 - 99 block of p street nw,theft/other,property,others,6,2017,2017-10-12T19:16:30.000Z
Tiki Taco,2010 P St NW,Tacos,4.5,100 - 299 block of p street nw,theft/other,property,others,6,2017,2017-09-29T22:03:12.000Z
Tiki Taco,2010 P St NW,Tacos,4.5,1 - 99 block of p street nw,theft/other,property,others,6,2017,2017-09-18T04:21:55.000Z
Tiki Taco,2010 P St NW,Tacos,4.5,100 - 299 block of p street nw,theft/other,property,others,6,2017,2017-07-19T23:08:16.000Z
Tiki Taco,2010 P St NW,Tacos,4.5,2000 - 2016 block of p street nw,theft/other,property,others,6,2017,2017-06-28T22:35:52.000Z
Tiki Taco,2010 P St NW,Tacos,4.5,1 - 99 block of p street nw,theft/other,property,others,6,2017,2017-06-08T01:01:06.000Z
Tiki Taco,2010 P St NW,Tacos,4.5,1 - 99 block of p street nw,theft/other,property,others,6,2017,2017-03-25T02:36:03.000Z
Tiki Taco,2010 P St NW,Tacos,4.5,2000 - 2016 block of p street nw,theft/other,property,others,6,2016,2016-11-16T02:42:35.000Z
Tiki Taco,2010 P St NW,Tacos,4.5,1 - 99 block of p street nw,theft/other,property,others,6,2016,2016-11-04T03:34:44.000Z
Tiki Taco,2010 P St NW,Tacos,4.5,100 - 299 block of p street nw,theft/other,property,others,6,2016,2016-11-03T16:06:53.000Z
Tiki Taco,2010 P St NW,Tacos,4.5,100 - 299 block of p street nw,theft/other,property,others,6,2016,2016-10-06T13:44:19.000Z
Tiki Taco,2010 P St NW,Tacos,4.5,100 - 299 block of p street nw,theft/other,property,others,6,2016,2016-10-04T18:40:05.000Z
Tiki Taco,2010 P St NW,Tacos,4.5,100 - 299 block of p street nw,theft/other,property,others,6,2016,2016-09-14T20:13:03.000Z
Tiki Taco,2010 P St NW,Tacos,4.5,1 - 99 block of p street nw,theft/other,property,others,6,2016,2016-06-03T21:34:19.000Z
Tiki Taco,2010 P St NW,Tacos,4.5,2000 - 2016 block of p street nw,theft/other,property,others,6,2016,2016-05-25T01:20:09.000Z
Tiki Taco,2010 P St NW,Tacos,4.5,2000 - 2016 block of p street nw,theft/other,property,others,6,2016,2016-05-19T18:37:50.000Z
Tiki Taco,2010 P St NW,Tacos,4.5,100 - 299 block of p street nw,theft/other,property,others,6,2016,2016-05-18T15:26:16.000Z
Tiki Taco,2010 P St NW,Tacos,4.5,100 - 299 block of p street nw,theft/other,property,others,6,2016,2016-05-15T23:04:30.000Z
Unconventional Diner,1207 9th St NW,Diners,4.5,1200 - 1299 block of 9th street nw,assault w/dangerous weapon,violent,others,3,2017,2017-11-13T06:37:48.000Z
Unconventional Diner,1207 9th St NW,Diners,4.5,1200 - 1299 block of 9th street nw,assault w/dangerous weapon,violent,gun,3,2016,2016-05-29T10:12:41.000Z
Unconventional Diner,1207 9th St NW,Diners,4.5,1200 - 1299 block of 9th street nw,burglary,property,others,5,2016,2016-04-25T11:07:36.000Z
Unconventional Diner,1207 9th St NW,Diners,4.5,1200 - 1299 block of 9th street nw,motor vehicle theft,property,others,8,2017,2017-11-21T20:47:18.000Z
Unconventional Diner,1207 9th St NW,Diners,4.5,1200 - 1299 block of 9th street nw,robbery,violent,others,4,2017,2017-11-01T14:39:09.000Z
Unconventional Diner,1207 9th St NW,Diners,4.5,1200 - 1299 block of 9th street nw,robbery,violent,gun,4,2016,2016-04-21T07:06:26.000Z
Unconventional Diner,1207 9th St NW,Diners,4.5,1200 - 1299 block of 9th street nw,theft f/auto,property,others,7,2018,2018-04-10T01:19:22.000Z
Unconventional Diner,1207 9th St NW,Diners,4.5,1200 - 1299 block of 9th street nw,theft f/auto,property,others,7,2018,2018-02-15T23:18:12.000Z
Unconventional Diner,1207 9th St NW,Diners,4.5,1200 - 1299 block of 9th street nw,theft f/auto,property,others,7,2018,2018-01-16T01:22:12.000Z
Unconventional Diner,1207 9th St NW,Diners,4.5,1200 - 1299 block of 9th street nw,theft f/auto,property,others,7,2018,2018-01-09T05:14:05.000Z
Unconventional Diner,1207 9th St NW,Diners,4.5,1200 - 1299 block of 9th street nw,theft f/auto,property,others,7,2017,2017-09-09T04:20:38.000Z
Unconventional Diner,1207 9th St NW,Diners,4.5,1200 - 1299 block of 9th street nw,theft f/auto,property,others,7,2017,2017-08-26T09:02:28.000Z
Unconventional Diner,1207 9th St NW,Diners,4.5,1200 - 1299 block of 9th street nw,theft f/auto,property,others,7,2017,2017-08-01T01:20:51.000Z
Unconventional Diner,1207 9th St NW,Diners,4.5,1200 - 1299 block of 9th street nw,theft f/auto,property,others,7,2017,2017-07-10T04:37:52.000Z
Unconventional Diner,1207 9th St NW,Diners,4.5,1200 - 1299 block of 9th street nw,theft f/auto,property,others,7,2017,2017-06-17T16:40:29.000Z
Unconventional Diner,1207 9th St NW,Diners,4.5,1200 - 1299 block of 9th street nw,theft f/auto,property,others,7,2017,2017-03-20T20:16:30.000Z
Unconventional Diner,1207 9th St NW,Diners,4.5,1200 - 1299 block of 9th street nw,theft f/auto,property,others,7,2017,2017-02-13T14:30:31.000Z
Unconventional Diner,1207 9th St NW,Diners,4.5,1200 - 1299 block of 9th street nw,theft f/auto,property,others,7,2017,2017-02-01T02:49:14.000Z
Unconventional Diner,1207 9th St NW,Diners,4.5,1200 - 1299 block of 9th street nw,theft f/auto,property,others,7,2017,2017-01-29T01:19:52.000Z
Unconventional Diner,1207 9th St NW,Diners,4.5,1200 - 1299 block of 9th street nw,theft f/auto,property,others,7,2017,2017-01-15T18:49:22.000Z
Unconventional Diner,1207 9th St NW,Diners,4.5,1200 - 1299 block of 9th street nw,theft f/auto,property,others,7,2017,2017-01-14T10:51:01.000Z
Unconventional Diner,1207 9th St NW,Diners,4.5,1200 - 1299 block of 9th street nw,theft f/auto,property,others,7,2017,2017-01-12T01:01:03.000Z
Unconventional Diner,1207 9th St NW,Diners,4.5,1200 - 1299 block of 9th street nw,theft f/auto,property,others,7,2017,2017-01-08T19:08:58.000Z
Unconventional Diner,1207 9th St NW,Diners,4.5,1200 - 1299 block of 9th street nw,theft f/auto,property,others,7,2016,2016-12-31T09:40:58.000Z
Unconventional Diner,1207 9th St NW,Diners,4.5,1200 - 1299 block of 9th street nw,theft f/auto,property,others,7,2016,2016-12-19T06:21:00.000Z
Unconventional Diner,1207 9th St NW,Diners,4.5,1200 - 1299 block of 9th street nw,theft f/auto,property,others,7,2016,2016-12-14T06:50:01.000Z
Unconventional Diner,1207 9th St NW,Diners,4.5,1200 - 1299 block of 9th street nw,theft f/auto,property,others,7,2016,2016-12-07T02:05:50.000Z
Unconventional Diner,1207 9th St NW,Diners,4.5,1200 - 1299 block of 9th street nw,theft f/auto,property,others,7,2016,2016-12-05T18:47:59.000Z
Unconventional Diner,1207 9th St NW,Diners,4.5,1200 - 1299 block of 9th street nw,theft f/auto,property,others,7,2016,2016-12-04T04:32:17.000Z
Unconventional Diner,1207 9th St NW,Diners,4.5,1200 - 1299 block of 9th street nw,theft f/auto,property,others,7,2016,2016-12-02T03:40:55.000Z
Unconventional Diner,1207 9th St NW,Diners,4.5,1200 - 1299 block of 9th street nw,theft f/auto,property,others,7,2016,2016-11-30T19:28:26.000Z
Unconventional Diner,1207 9th St NW,Diners,4.5,1200 - 1299 block of 9th street nw,theft f/auto,property,others,7,2016,2016-11-23T23:03:49.000Z
Unconventional Diner,1207 9th St NW,Diners,4.5,1200 - 1299 block of 9th street nw,theft f/auto,property,others,7,2016,2016-11-22T20:15:57.000Z
Unconventional Diner,1207 9th St NW,Diners,4.5,1200 - 1299 block of 9th street nw,theft f/auto,property,others,7,2016,2016-11-20T09:27:04.000Z
Unconventional Diner,1207 9th St NW,Diners,4.5,1200 - 1299 block of 9th street nw,theft f/auto,property,others,7,2016,2016-11-14T22:54:30.000Z
Unconventional Diner,1207 9th St NW,Diners,4.5,1200 - 1299 block of 9th street nw,theft f/auto,property,others,7,2016,2016-10-26T01:46:20.000Z
Unconventional Diner,1207 9th St NW,Diners,4.5,1200 - 1299 block of 9th street nw,theft f/auto,property,others,7,2016,2016-10-13T06:25:43.000Z
Unconventional Diner,1207 9th St NW,Diners,4.5,1200 - 1299 block of 9th street nw,theft f/auto,property,others,7,2016,2016-10-08T01:04:02.000Z
Unconventional Diner,1207 9th St NW,Diners,4.5,1200 - 1299 block of 9th street nw,theft f/auto,property,others,7,2016,2016-09-16T11:43:45.000Z
Unconventional Diner,1207 9th St NW,Diners,4.5,1200 - 1299 block of 9th street nw,theft f/auto,property,others,7,2016,2016-09-10T06:50:11.000Z
Unconventional Diner,1207 9th St NW,Diners,4.5,1200 - 1299 block of 9th street nw,theft f/auto,property,others,7,2016,2016-08-31T02:58:53.000Z
Unconventional Diner,1207 9th St NW,Diners,4.5,1200 - 1299 block of 9th street nw,theft f/auto,property,others,7,2016,2016-08-31T01:41:19.000Z
Unconventional Diner,1207 9th St NW,Diners,4.5,1200 - 1299 block of 9th street nw,theft f/auto,property,others,7,2016,2016-08-30T18:51:06.000Z
Unconventional Diner,1207 9th St NW,Diners,4.5,1200 - 1299 block of 9th street nw,theft f/auto,property,others,7,2016,2016-08-27T21:23:26.000Z
Unconventional Diner,1207 9th St NW,Diners,4.5,1200 - 1299 block of 9th street nw,theft f/auto,property,others,7,2016,2016-07-01T01:08:09.000Z
Unconventional Diner,1207 9th St NW,Diners,4.5,1200 - 1299 block of 9th street nw,theft f/auto,property,others,7,2016,2016-06-28T22:20:46.000Z
Unconventional Diner,1207 9th St NW,Diners,4.5,1200 - 1299 block of 9th street nw,theft f/auto,property,others,7,2016,2016-06-13T20:24:14.000Z
Unconventional Diner,1207 9th St NW,Diners,4.5,1200 - 1299 block of 9th street nw,theft f/auto,property,others,7,2016,2016-06-12T17:59:45.000Z
Unconventional Diner,1207 9th St NW,Diners,4.5,1200 - 1299 block of 9th street nw,theft f/auto,property,others,7,2016,2016-06-11T09:22:36.000Z
Unconventional Diner,1207 9th St NW,Diners,4.5,1200 - 1299 block of 9th street nw,theft f/auto,property,others,7,2016,2016-06-10T04:24:20.000Z
Unconventional Diner,1207 9th St NW,Diners,4.5,1200 - 1299 block of 9th street nw,theft f/auto,property,others,7,2016,2016-06-02T15:46:54.000Z
Unconventional Diner,1207 9th St NW,Diners,4.5,1200 - 1299 block of 9th street nw,theft f/auto,property,others,7,2016,2016-05-27T03:25:16.000Z
Unconventional Diner,1207 9th St NW,Diners,4.5,1200 - 1299 block of 9th street nw,theft f/auto,property,others,7,2016,2016-05-27T01:12:24.000Z
Unconventional Diner,1207 9th St NW,Diners,4.5,1200 - 1299 block of 9th street nw,theft f/auto,property,others,7,2016,2016-05-26T03:03:00.000Z
Unconventional Diner,1207 9th St NW,Diners,4.5,1200 - 1299 block of 9th street nw,theft f/auto,property,others,7,2016,2016-05-23T04:07:54.000Z
Unconventional Diner,1207 9th St NW,Diners,4.5,1200 - 1299 block of 9th street nw,theft f/auto,property,others,7,2016,2016-05-19T04:27:45.000Z
Unconventional Diner,1207 9th St NW,Diners,4.5,1200 - 1299 block of 9th street nw,theft f/auto,property,others,7,2016,2016-05-19T00:44:11.000Z
Unconventional Diner,1207 9th St NW,Diners,4.5,1200 - 1299 block of 9th street nw,theft f/auto,property,others,7,2016,2016-05-17T01:40:52.000Z
Unconventional Diner,1207 9th St NW,Diners,4.5,1200 - 1299 block of 9th street nw,theft f/auto,property,others,7,2016,2016-05-13T01:13:45.000Z
Unconventional Diner,1207 9th St NW,Diners,4.5,1200 - 1299 block of 9th street nw,theft f/auto,property,others,7,2016,2016-04-30T15:46:02.000Z
Unconventional Diner,1207 9th St NW,Diners,4.5,1200 - 1299 block of 9th street nw,theft f/auto,property,others,7,2016,2016-04-26T15:47:38.000Z
Unconventional Diner,1207 9th St NW,Diners,4.5,1200 - 1299 block of 9th street nw,theft f/auto,property,others,7,2016,2016-04-22T21:39:56.000Z
Unconventional Diner,1207 9th St NW,Diners,4.5,1200 - 1299 block of 9th street nw,theft f/auto,property,others,7,2016,2016-04-22T19:02:24.000Z
Unconventional Diner,1207 9th St NW,Diners,4.5,1200 - 1299 block of 9th street nw,theft f/auto,property,others,7,2016,2016-04-22T04:23:32.000Z
Unconventional Diner,1207 9th St NW,Diners,4.5,1200 - 1299 block of 9th street nw,theft f/auto,property,others,7,2016,2016-04-20T05:17:44.000Z
Unconventional Diner,1207 9th St NW,Diners,4.5,1200 - 1299 block of 9th street nw,theft f/auto,property,others,7,2016,2016-04-17T15:10:36.000Z
Unconventional Diner,1207 9th St NW,Diners,4.5,1200 - 1299 block of 9th street nw,theft/other,property,others,6,2017,2017-11-05T00:53:13.000Z
Unconventional Diner,1207 9th St NW,Diners,4.5,1200 - 1299 block of 9th street nw,theft/other,property,others,6,2017,2017-09-10T23:41:32.000Z
Unconventional Diner,1207 9th St NW,Diners,4.5,1200 - 1299 block of 9th street nw,theft/other,property,others,6,2017,2017-08-23T19:22:15.000Z
Unconventional Diner,1207 9th St NW,Diners,4.5,1200 - 1299 block of 9th street nw,theft/other,property,others,6,2017,2017-07-30T22:53:45.000Z
Unconventional Diner,1207 9th St NW,Diners,4.5,1200 - 1299 block of 9th street nw,theft/other,property,others,6,2017,2017-07-18T04:09:10.000Z
Unconventional Diner,1207 9th St NW,Diners,4.5,1200 - 1299 block of 9th street nw,theft/other,property,others,6,2017,2017-05-08T18:39:09.000Z
Unconventional Diner,1207 9th St NW,Diners,4.5,1200 - 1299 block of 9th street nw,theft/other,property,others,6,2017,2017-02-06T11:10:24.000Z
Unconventional Diner,1207 9th St NW,Diners,4.5,1200 - 1299 block of 9th street nw,theft/other,property,others,6,2017,2017-01-13T04:25:00.000Z
Unconventional Diner,1207 9th St NW,Diners,4.5,1200 - 1299 block of 9th street nw,theft/other,property,others,6,2016,2016-10-22T06:40:55.000Z
Unconventional Diner,1207 9th St NW,Diners,4.5,1200 - 1299 block of 9th street nw,theft/other,property,others,6,2016,2016-07-27T20:52:03.000Z
Unconventional Diner,1207 9th St NW,Diners,4.5,1200 - 1299 block of 9th street nw,theft/other,property,others,6,2016,2016-07-16T00:41:51.000Z
Unconventional Diner,1207 9th St NW,Diners,4.5,1200 - 1299 block of 9th street nw,theft/other,property,others,6,2016,2016-04-21T17:40:46.000Z
